0 verbose cli C:\Program Files\nodejs\node.exe C:\Program Files\nodejs\node_modules\npm\bin\npm-cli.js
1 info using npm@10.9.2
2 info using node@v22.15.0
3 silly config load:file:C:\Program Files\nodejs\node_modules\npm\npmrc
4 silly config load:file:C:\Users\kri20\Documents\Codex\2026-09-01\build-x20\.npmrc
5 silly config load:file:C:\Users\kri20\.npmrc
6 silly config load:file:C:\Users\kri20\AppData\Roaming\npm\etc\npmrc
7 verbose title npm install
8 verbose argv "install" "--cache" ".npm-cache"
9 verbose logfile logs-max:10 dir:C:\Users\kri20\Documents\Codex\2026-09-01\build-x20\.npm-cache\_logs\2026-09-02T18_11_23_737Z-
10 verbose logfile C:\Users\kri20\Documents\Codex\2026-09-01\build-x20\.npm-cache\_logs\2026-09-02T18_11_23_737Z-debug-0.log
11 silly logfile done cleaning log files
12 silly packumentCache heap:4345298944 maxSize:1086324736 maxEntrySize:543162368
13 silly idealTree buildDeps
14 silly fetch manifest @vitejs/plugin-react@4.3.1
15 silly packumentCache full:https://registry.npmjs.org/@vitejs%2fplugin-react cache-miss
16 http fetch GET 200 https://registry.npmjs.org/@vitejs%2fplugin-react 12583ms (cache revalidated)
17 silly packumentCache full:https://registry.npmjs.org/@vitejs%2fplugin-react set size:284195 disposed:false
18 silly fetch manifest vite@5.4.8
19 silly packumentCache full:https://registry.npmjs.org/vite cache-miss
20 http fetch GET 200 https://registry.npmjs.org/vite 1996ms (cache updated)
21 silly packumentCache full:https://registry.npmjs.org/vite set size:undefined disposed:false
22 silly fetch manifest @types/node@^18.0.0 || >=20.0.0
23 silly packumentCache full:https://registry.npmjs.org/@types%2fnode cache-miss
24 http fetch GET 200 https://registry.npmjs.org/@types%2fnode 592ms (cache updated)
25 silly packumentCache full:https://registry.npmjs.org/@types%2fnode set size:undefined disposed:false
26 silly fetch manifest less@*
27 silly packumentCache full:https://registry.npmjs.org/less cache-miss
28 http fetch GET 200 https://registry.npmjs.org/less 159ms (cache updated)
29 silly packumentCache full:https://registry.npmjs.org/less set size:undefined disposed:false
30 silly fetch manifest lightningcss@^1.21.0
31 silly packumentCache full:https://registry.npmjs.org/lightningcss cache-miss
32 http fetch GET 200 https://registry.npmjs.org/lightningcss 159ms (cache revalidated)
33 silly packumentCache full:https://registry.npmjs.org/lightningcss set size:191065 disposed:false
34 silly fetch manifest sass@*
35 silly packumentCache full:https://registry.npmjs.org/sass cache-miss
36 http fetch GET 200 https://registry.npmjs.org/sass 119ms (cache revalidated)
37 silly packumentCache full:https://registry.npmjs.org/sass set size:747752 disposed:false
38 silly fetch manifest sass-embedded@*
39 silly packumentCache full:https://registry.npmjs.org/sass-embedded cache-miss
40 http fetch GET 200 https://registry.npmjs.org/sass-embedded 118ms (cache revalidated)
41 silly packumentCache full:https://registry.npmjs.org/sass-embedded set size:428375 disposed:false
42 silly fetch manifest stylus@*
43 silly packumentCache full:https://registry.npmjs.org/stylus cache-miss
44 http fetch GET 200 https://registry.npmjs.org/stylus 110ms (cache revalidated)
45 silly packumentCache full:https://registry.npmjs.org/stylus set size:286766 disposed:false
46 silly fetch manifest sugarss@*
47 silly packumentCache full:https://registry.npmjs.org/sugarss cache-miss
48 http fetch GET 200 https://registry.npmjs.org/sugarss 107ms (cache revalidated)
49 silly packumentCache full:https://registry.npmjs.org/sugarss set size:44975 disposed:false
50 silly fetch manifest postcss@^8.3.3
51 silly packumentCache full:https://registry.npmjs.org/postcss cache-miss
52 http fetch GET 200 https://registry.npmjs.org/postcss 149ms (cache revalidated)
53 silly packumentCache full:https://registry.npmjs.org/postcss set size:760024 disposed:false
54 silly fetch manifest terser@^5.4.0
55 silly packumentCache full:https://registry.npmjs.org/terser cache-miss
56 http fetch GET 200 https://registry.npmjs.org/terser 125ms (cache revalidated)
57 silly packumentCache full:https://registry.npmjs.org/terser set size:827672 disposed:false
58 silly fetch manifest typescript@5.5.4
59 silly packumentCache full:https://registry.npmjs.org/typescript cache-miss
60 http fetch GET 200 https://registry.npmjs.org/typescript 647ms (cache updated)
61 silly packumentCache full:https://registry.npmjs.org/typescript set size:undefined disposed:false
62 silly fetch manifest react@18.3.1
63 silly packumentCache full:https://registry.npmjs.org/react cache-miss
64 http fetch GET 200 https://registry.npmjs.org/react 660ms (cache updated)
65 silly packumentCache full:https://registry.npmjs.org/react set size:undefined disposed:false
66 silly fetch manifest react-dom@18.3.1
67 silly packumentCache full:https://registry.npmjs.org/react-dom cache-miss
68 http fetch GET 200 https://registry.npmjs.org/react-dom 453ms (cache updated)
69 silly packumentCache full:https://registry.npmjs.org/react-dom set size:undefined disposed:false
70 silly fetch manifest lucide-react@0.441.0
71 silly packumentCache full:https://registry.npmjs.org/lucide-react cache-miss
72 http fetch GET 200 https://registry.npmjs.org/lucide-react 204ms (cache revalidated)
73 silly packumentCache full:https://registry.npmjs.org/lucide-react set size:2338020 disposed:false
74 silly placeDep ROOT @vitejs/plugin-react@4.3.1 REPLACE for: woundscope-forensic-ui@1.0.0 want: 4.3.1
75 silly placeDep ROOT vite@5.4.8 OK for: @vitejs/plugin-react@4.3.1 want: ^4.2.0 || ^5.0.0
76 silly placeDep ROOT lucide-react@0.441.0 REPLACE for: woundscope-forensic-ui@1.0.0 want: 0.441.0
77 silly placeDep ROOT react@18.3.1 REPLACE for: woundscope-forensic-ui@1.0.0 want: 18.3.1
78 silly placeDep ROOT react-dom@18.3.1 REPLACE for: woundscope-forensic-ui@1.0.0 want: 18.3.1
79 silly placeDep ROOT typescript@5.5.4 REPLACE for: woundscope-forensic-ui@1.0.0 want: 5.5.4
80 silly fetch manifest @babel/core@^7.24.5
81 silly packumentCache full:https://registry.npmjs.org/@babel%2fcore cache-miss
82 silly fetch manifest react-refresh@^0.14.2
83 silly packumentCache full:https://registry.npmjs.org/react-refresh cache-miss
84 silly fetch manifest @types/babel__core@^7.20.5
85 silly packumentCache full:https://registry.npmjs.org/@types%2fbabel__core cache-miss
86 silly fetch manifest @babel/plugin-transform-react-jsx-self@^7.24.5
87 silly packumentCache full:https://registry.npmjs.org/@babel%2fplugin-transform-react-jsx-self cache-miss
88 silly fetch manifest @babel/plugin-transform-react-jsx-source@^7.24.1
89 silly packumentCache full:https://registry.npmjs.org/@babel%2fplugin-transform-react-jsx-source cache-miss
90 silly fetch manifest rollup@^4.20.0
91 silly packumentCache full:https://registry.npmjs.org/rollup cache-miss
92 silly fetch manifest esbuild@^0.21.3
93 silly packumentCache full:https://registry.npmjs.org/esbuild cache-miss
94 silly fetch manifest postcss@^8.4.43
95 silly packumentCache full:https://registry.npmjs.org/postcss cache-hit
96 silly fetch manifest fsevents@~2.3.3
97 silly packumentCache full:https://registry.npmjs.org/fsevents cache-miss
98 silly fetch manifest loose-envify@^1.1.0
99 silly packumentCache full:https://registry.npmjs.org/loose-envify cache-miss
100 silly fetch manifest scheduler@^0.23.2
101 silly packumentCache full:https://registry.npmjs.org/scheduler cache-miss
102 silly fetch manifest loose-envify@^1.1.0
103 silly packumentCache full:https://registry.npmjs.org/loose-envify cache-miss
104 http fetch GET 200 https://registry.npmjs.org/@babel%2fplugin-transform-react-jsx-self 119ms (cache revalidated)
105 silly packumentCache full:https://registry.npmjs.org/@babel%2fplugin-transform-react-jsx-self set size:200274 disposed:false
106 http fetch GET 200 https://registry.npmjs.org/@types%2fbabel__core 404ms (cache revalidated)
107 silly packumentCache full:https://registry.npmjs.org/@types%2fbabel__core set size:88676 disposed:false
108 http fetch GET 200 https://registry.npmjs.org/esbuild 411ms (cache revalidated)
109 silly packumentCache full:https://registry.npmjs.org/esbuild set size:1264676 disposed:false
110 http fetch GET 200 https://registry.npmjs.org/@babel%2fcore 443ms (cache revalidated)
111 silly packumentCache full:https://registry.npmjs.org/@babel%2fcore set size:788273 disposed:false
112 http fetch GET 200 https://registry.npmjs.org/loose-envify 472ms (cache revalidated)
113 silly packumentCache full:https://registry.npmjs.org/loose-envify set size:12559 disposed:false
114 http fetch GET 200 https://registry.npmjs.org/rollup 513ms (cache revalidated)
115 silly packumentCache full:https://registry.npmjs.org/rollup set size:6315915 disposed:false
116 http fetch GET 200 https://registry.npmjs.org/loose-envify 581ms (cache revalidated)
117 silly packumentCache full:https://registry.npmjs.org/loose-envify set size:12559 disposed:false
118 silly packumentCache full:https://registry.npmjs.org/loose-envify dispose
119 http fetch GET 200 https://registry.npmjs.org/@babel%2fplugin-transform-react-jsx-source 585ms (cache revalidated)
120 silly packumentCache full:https://registry.npmjs.org/@babel%2fplugin-transform-react-jsx-source set size:205288 disposed:false
121 http fetch GET 200 https://registry.npmjs.org/fsevents 705ms (cache revalidated)
122 silly packumentCache full:https://registry.npmjs.org/fsevents set size:182472 disposed:false
123 http fetch GET 200 https://registry.npmjs.org/react-refresh 1919ms (cache updated)
124 silly packumentCache full:https://registry.npmjs.org/react-refresh set size:undefined disposed:false
125 http fetch GET 200 https://registry.npmjs.org/scheduler 2359ms (cache updated)
126 silly packumentCache full:https://registry.npmjs.org/scheduler set size:undefined disposed:false
127 silly placeDep ROOT @babel/core@7.29.7 OK for: @vitejs/plugin-react@4.3.1 want: ^7.24.5
128 silly placeDep ROOT @babel/plugin-transform-react-jsx-self@7.29.7 OK for: @vitejs/plugin-react@4.3.1 want: ^7.24.5
129 silly placeDep ROOT @babel/plugin-transform-react-jsx-source@7.29.7 OK for: @vitejs/plugin-react@4.3.1 want: ^7.24.1
130 silly placeDep ROOT @types/babel__core@7.20.5 OK for: @vitejs/plugin-react@4.3.1 want: ^7.20.5
131 silly placeDep ROOT react-refresh@0.14.2 OK for: @vitejs/plugin-react@4.3.1 want: ^0.14.2
132 silly fetch manifest debug@^4.1.0
133 silly packumentCache full:https://registry.npmjs.org/debug cache-miss
134 silly fetch manifest json5@^2.2.3
135 silly packumentCache full:https://registry.npmjs.org/json5 cache-miss
136 silly fetch manifest semver@^6.3.1
137 silly packumentCache full:https://registry.npmjs.org/semver cache-miss
138 silly fetch manifest gensync@^1.0.0-beta.2
139 silly packumentCache full:https://registry.npmjs.org/gensync cache-miss
140 silly fetch manifest @babel/types@^7.29.7
141 silly packumentCache full:https://registry.npmjs.org/@babel%2ftypes cache-miss
142 silly fetch manifest @babel/parser@^7.29.7
143 silly packumentCache full:https://registry.npmjs.org/@babel%2fparser cache-miss
144 silly fetch manifest @babel/helpers@^7.29.7
145 silly packumentCache full:https://registry.npmjs.org/@babel%2fhelpers cache-miss
146 silly fetch manifest @babel/template@^7.29.7
147 silly packumentCache full:https://registry.npmjs.org/@babel%2ftemplate cache-miss
148 silly fetch manifest @babel/traverse@^7.29.7
149 silly packumentCache full:https://registry.npmjs.org/@babel%2ftraverse cache-miss
150 silly fetch manifest @babel/generator@^7.29.7
151 silly packumentCache full:https://registry.npmjs.org/@babel%2fgenerator cache-miss
152 silly fetch manifest @babel/code-frame@^7.29.7
153 silly packumentCache full:https://registry.npmjs.org/@babel%2fcode-frame cache-miss
154 http fetch GET 200 https://registry.npmjs.org/gensync 276ms (cache revalidated)
155 silly packumentCache full:https://registry.npmjs.org/gensync set size:15068 disposed:false
156 silly fetch manifest convert-source-map@^2.0.0
157 silly packumentCache full:https://registry.npmjs.org/convert-source-map cache-miss
158 http fetch GET 200 https://registry.npmjs.org/debug 279ms (cache revalidated)
159 silly packumentCache full:https://registry.npmjs.org/debug set size:195840 disposed:false
160 silly fetch manifest @jridgewell/remapping@^2.3.5
161 silly packumentCache full:https://registry.npmjs.org/@jridgewell%2fremapping cache-miss
162 http fetch GET 200 https://registry.npmjs.org/semver 291ms (cache revalidated)
163 silly packumentCache full:https://registry.npmjs.org/semver set size:246069 disposed:false
164 silly fetch manifest @babel/helper-module-transforms@^7.29.7
165 silly packumentCache full:https://registry.npmjs.org/@babel%2fhelper-module-transforms cache-miss
166 http fetch GET 200 https://registry.npmjs.org/json5 304ms (cache revalidated)
167 silly packumentCache full:https://registry.npmjs.org/json5 set size:86136 disposed:false
168 silly fetch manifest @babel/helper-compilation-targets@^7.29.7
169 silly packumentCache full:https://registry.npmjs.org/@babel%2fhelper-compilation-targets cache-miss
170 http fetch GET 200 https://registry.npmjs.org/@babel%2fparser 311ms (cache revalidated)
171 silly packumentCache full:https://registry.npmjs.org/@babel%2fparser set size:737961 disposed:false
172 silly fetch manifest @babel/helper-plugin-utils@^7.29.7
173 silly packumentCache full:https://registry.npmjs.org/@babel%2fhelper-plugin-utils cache-miss
174 http fetch GET 200 https://registry.npmjs.org/@babel%2ftemplate 326ms (cache revalidated)
175 silly packumentCache full:https://registry.npmjs.org/@babel%2ftemplate set size:237074 disposed:false
176 silly fetch manifest @babel/helper-plugin-utils@^7.29.7
177 silly packumentCache full:https://registry.npmjs.org/@babel%2fhelper-plugin-utils cache-miss
178 http fetch GET 200 https://registry.npmjs.org/@babel%2fgenerator 333ms (cache revalidated)
179 silly packumentCache full:https://registry.npmjs.org/@babel%2fgenerator set size:522841 disposed:false
180 silly fetch manifest @babel/types@^7.20.7
181 silly packumentCache full:https://registry.npmjs.org/@babel%2ftypes cache-miss
182 http fetch GET 200 https://registry.npmjs.org/@babel%2ftypes 348ms (cache revalidated)
183 silly packumentCache full:https://registry.npmjs.org/@babel%2ftypes set size:502938 disposed:false
184 silly fetch manifest @babel/parser@^7.20.7
185 silly packumentCache full:https://registry.npmjs.org/@babel%2fparser cache-hit
186 silly fetch manifest @types/babel__template@*
187 silly packumentCache full:https://registry.npmjs.org/@types%2fbabel__template cache-miss
188 http fetch GET 200 https://registry.npmjs.org/@babel%2fcode-frame 482ms (cache revalidated)
189 silly packumentCache full:https://registry.npmjs.org/@babel%2fcode-frame set size:206617 disposed:false
190 silly fetch manifest @types/babel__traverse@*
191 silly packumentCache full:https://registry.npmjs.org/@types%2fbabel__traverse cache-miss
192 http fetch GET 200 https://registry.npmjs.org/@babel%2ftraverse 495ms (cache revalidated)
193 silly packumentCache full:https://registry.npmjs.org/@babel%2ftraverse set size:564759 disposed:false
194 silly fetch manifest @types/babel__generator@*
195 silly packumentCache full:https://registry.npmjs.org/@types%2fbabel__generator cache-miss
196 http cache https://registry.npmjs.org/@babel%2ftypes 166ms (cache hit)
197 silly packumentCache full:https://registry.npmjs.org/@babel%2ftypes set size:502938 disposed:false
198 silly packumentCache full:https://registry.npmjs.org/@babel%2ftypes dispose
199 http fetch GET 200 https://registry.npmjs.org/@babel%2fhelpers 520ms (cache revalidated)
200 silly packumentCache full:https://registry.npmjs.org/@babel%2fhelpers set size:398496 disposed:false
201 http fetch GET 200 https://registry.npmjs.org/@babel%2fhelper-compilation-targets 307ms (cache revalidated)
202 silly packumentCache full:https://registry.npmjs.org/@babel%2fhelper-compilation-targets set size:229541 disposed:false
203 http fetch GET 200 https://registry.npmjs.org/convert-source-map 342ms (cache revalidated)
204 silly packumentCache full:https://registry.npmjs.org/convert-source-map set size:66997 disposed:false
205 http fetch GET 200 https://registry.npmjs.org/@babel%2fhelper-module-transforms 318ms (cache revalidated)
206 silly packumentCache full:https://registry.npmjs.org/@babel%2fhelper-module-transforms set size:346454 disposed:false
207 http fetch GET 200 https://registry.npmjs.org/@types%2fbabel__template 279ms (cache revalidated)
208 silly packumentCache full:https://registry.npmjs.org/@types%2fbabel__template set size:22631 disposed:false
209 http fetch GET 200 https://registry.npmjs.org/@types%2fbabel__generator 135ms (cache revalidated)
210 silly packumentCache full:https://registry.npmjs.org/@types%2fbabel__generator set size:31587 disposed:false
211 http fetch GET 200 https://registry.npmjs.org/@jridgewell%2fremapping 348ms (cache revalidated)
212 silly packumentCache full:https://registry.npmjs.org/@jridgewell%2fremapping set size:23809 disposed:false
213 http fetch GET 200 https://registry.npmjs.org/@babel%2fhelper-plugin-utils 556ms (cache revalidated)
214 silly packumentCache full:https://registry.npmjs.org/@babel%2fhelper-plugin-utils set size:175564 disposed:false
215 http fetch GET 200 https://registry.npmjs.org/@types%2fbabel__traverse 403ms (cache revalidated)
216 silly packumentCache full:https://registry.npmjs.org/@types%2fbabel__traverse set size:107819 disposed:false
217 http fetch GET 200 https://registry.npmjs.org/@babel%2fhelper-plugin-utils 565ms (cache revalidated)
218 silly packumentCache full:https://registry.npmjs.org/@babel%2fhelper-plugin-utils set size:175564 disposed:false
219 silly packumentCache full:https://registry.npmjs.org/@babel%2fhelper-plugin-utils dispose
220 silly fetch manifest @babel/core@^7.0.0
221 silly packumentCache full:https://registry.npmjs.org/@babel%2fcore cache-hit
222 silly placeDep ROOT @babel/code-frame@7.29.7 OK for: @babel/core@7.29.7 want: ^7.29.7
223 silly placeDep ROOT @babel/generator@7.29.8 OK for: @babel/core@7.29.7 want: ^7.29.7
224 silly placeDep ROOT @babel/helper-compilation-targets@7.29.7 OK for: @babel/core@7.29.7 want: ^7.29.7
225 silly placeDep ROOT @babel/helper-module-transforms@7.29.7 OK for: @babel/core@7.29.7 want: ^7.29.7
226 silly placeDep ROOT @babel/helpers@7.29.7 OK for: @babel/core@7.29.7 want: ^7.29.7
227 silly placeDep ROOT @babel/parser@7.29.8 OK for: @babel/core@7.29.7 want: ^7.29.7
228 silly placeDep ROOT @babel/template@7.29.7 OK for: @babel/core@7.29.7 want: ^7.29.7
229 silly placeDep ROOT @babel/traverse@7.29.8 OK for: @babel/core@7.29.7 want: ^7.29.7
230 silly placeDep ROOT @babel/types@7.29.8 OK for: @babel/core@7.29.7 want: ^7.29.7
231 silly placeDep ROOT @jridgewell/remapping@2.3.5 OK for: @babel/core@7.29.7 want: ^2.3.5
232 silly placeDep ROOT convert-source-map@2.0.0 OK for: @babel/core@7.29.7 want: ^2.0.0
233 silly placeDep ROOT debug@4.4.3 OK for: @babel/core@7.29.7 want: ^4.1.0
234 silly placeDep ROOT gensync@1.0.0-beta.2 OK for: @babel/core@7.29.7 want: ^1.0.0-beta.2
235 silly placeDep ROOT json5@2.2.3 OK for: @babel/core@7.29.7 want: ^2.2.3
236 silly placeDep ROOT semver@6.3.1 OK for: @babel/core@7.29.7 want: ^6.3.1
237 silly fetch manifest js-tokens@^4.0.0
238 silly packumentCache full:https://registry.npmjs.org/js-tokens cache-miss
239 silly fetch manifest picocolors@^1.1.1
240 silly packumentCache full:https://registry.npmjs.org/picocolors cache-miss
241 silly fetch manifest @babel/helper-validator-identifier@^7.29.7
242 silly packumentCache full:https://registry.npmjs.org/@babel%2fhelper-validator-identifier cache-miss
243 silly fetch manifest jsesc@^3.0.2
244 silly packumentCache full:https://registry.npmjs.org/jsesc cache-miss
245 silly fetch manifest @babel/types@^7.29.8
246 silly packumentCache full:https://registry.npmjs.org/@babel%2ftypes cache-hit
247 silly fetch manifest @babel/parser@^7.29.8
248 silly packumentCache full:https://registry.npmjs.org/@babel%2fparser cache-hit
249 silly fetch manifest @jridgewell/gen-mapping@^0.3.12
250 silly packumentCache full:https://registry.npmjs.org/@jridgewell%2fgen-mapping cache-miss
251 silly fetch manifest @jridgewell/trace-mapping@^0.3.28
252 silly packumentCache full:https://registry.npmjs.org/@jridgewell%2ftrace-mapping cache-miss
253 silly fetch manifest lru-cache@^5.1.1
254 silly packumentCache full:https://registry.npmjs.org/lru-cache cache-miss
255 silly fetch manifest browserslist@^4.24.0
256 silly packumentCache full:https://registry.npmjs.org/browserslist cache-miss
257 silly fetch manifest @babel/compat-data@^7.29.7
258 silly packumentCache full:https://registry.npmjs.org/@babel%2fcompat-data cache-miss
259 silly fetch manifest @babel/helper-validator-option@^7.29.7
260 silly packumentCache full:https://registry.npmjs.org/@babel%2fhelper-validator-option cache-miss
261 silly fetch manifest @babel/helper-module-imports@^7.29.7
262 silly packumentCache full:https://registry.npmjs.org/@babel%2fhelper-module-imports cache-miss
263 http fetch GET 200 https://registry.npmjs.org/js-tokens 171ms (cache revalidated)
264 silly packumentCache full:https://registry.npmjs.org/js-tokens set size:41947 disposed:false
265 silly fetch manifest @babel/helper-validator-identifier@^7.29.7
266 silly packumentCache full:https://registry.npmjs.org/@babel%2fhelper-validator-identifier cache-miss
267 http fetch GET 200 https://registry.npmjs.org/@babel%2fhelper-validator-identifier 173ms (cache revalidated)
268 silly packumentCache full:https://registry.npmjs.org/@babel%2fhelper-validator-identifier set size:130133 disposed:false
269 silly fetch manifest debug@^4.3.1
270 silly packumentCache full:https://registry.npmjs.org/debug cache-hit
271 silly fetch manifest @babel/helper-globals@^7.29.7
272 silly packumentCache full:https://registry.npmjs.org/@babel%2fhelper-globals cache-miss
273 http fetch GET 200 https://registry.npmjs.org/jsesc 180ms (cache revalidated)
274 silly packumentCache full:https://registry.npmjs.org/jsesc set size:61512 disposed:false
275 silly fetch manifest @babel/helper-string-parser@^7.29.7
276 silly packumentCache full:https://registry.npmjs.org/@babel%2fhelper-string-parser cache-miss
277 http fetch GET 200 https://registry.npmjs.org/lru-cache 182ms (cache revalidated)
278 silly packumentCache full:https://registry.npmjs.org/lru-cache set size:460407 disposed:false
279 silly fetch manifest @jridgewell/gen-mapping@^0.3.5
280 silly packumentCache full:https://registry.npmjs.org/@jridgewell%2fgen-mapping cache-miss
281 http fetch GET 200 https://registry.npmjs.org/picocolors 200ms (cache revalidated)
282 silly packumentCache full:https://registry.npmjs.org/picocolors set size:16648 disposed:false
283 silly fetch manifest @jridgewell/trace-mapping@^0.3.24
284 silly packumentCache full:https://registry.npmjs.org/@jridgewell%2ftrace-mapping cache-miss
285 http fetch GET 200 https://registry.npmjs.org/@babel%2fcompat-data 198ms (cache revalidated)
286 silly packumentCache full:https://registry.npmjs.org/@babel%2fcompat-data set size:318807 disposed:false
287 silly fetch manifest ms@^2.1.3
288 silly packumentCache full:https://registry.npmjs.org/ms cache-miss
289 http fetch GET 200 https://registry.npmjs.org/@jridgewell%2fgen-mapping 209ms (cache revalidated)
290 silly packumentCache full:https://registry.npmjs.org/@jridgewell%2fgen-mapping set size:75941 disposed:false
291 http fetch GET 200 https://registry.npmjs.org/@babel%2fhelper-validator-option 208ms (cache revalidated)
292 silly packumentCache full:https://registry.npmjs.org/@babel%2fhelper-validator-option set size:101303 disposed:false
293 http fetch GET 200 https://registry.npmjs.org/@jridgewell%2ftrace-mapping 218ms (cache revalidated)
294 silly packumentCache full:https://registry.npmjs.org/@jridgewell%2ftrace-mapping set size:170909 disposed:false
295 http fetch GET 200 https://registry.npmjs.org/browserslist 224ms (cache revalidated)
296 silly packumentCache full:https://registry.npmjs.org/browserslist set size:518659 disposed:false
297 http cache https://registry.npmjs.org/@jridgewell%2fgen-mapping 56ms (cache hit)
298 silly packumentCache full:https://registry.npmjs.org/@jridgewell%2fgen-mapping set size:75941 disposed:false
299 silly packumentCache full:https://registry.npmjs.org/@jridgewell%2fgen-mapping dispose
300 http cache https://registry.npmjs.org/@babel%2fhelper-validator-identifier 87ms (cache hit)
301 silly packumentCache full:https://registry.npmjs.org/@babel%2fhelper-validator-identifier set size:130133 disposed:false
302 silly packumentCache full:https://registry.npmjs.org/@babel%2fhelper-validator-identifier dispose
303 http cache https://registry.npmjs.org/@jridgewell%2ftrace-mapping 63ms (cache hit)
304 silly packumentCache full:https://registry.npmjs.org/@jridgewell%2ftrace-mapping set size:170909 disposed:false
305 silly packumentCache full:https://registry.npmjs.org/@jridgewell%2ftrace-mapping dispose
306 http fetch GET 200 https://registry.npmjs.org/@babel%2fhelper-string-parser 205ms (cache revalidated)
307 silly packumentCache full:https://registry.npmjs.org/@babel%2fhelper-string-parser set size:91563 disposed:false
308 http fetch GET 200 https://registry.npmjs.org/ms 181ms (cache revalidated)
309 silly packumentCache full:https://registry.npmjs.org/ms set size:92208 disposed:false
310 http fetch GET 200 https://registry.npmjs.org/@babel%2fhelper-globals 214ms (cache revalidated)
311 silly packumentCache full:https://registry.npmjs.org/@babel%2fhelper-globals set size:25155 disposed:false
312 http fetch GET 200 https://registry.npmjs.org/@babel%2fhelper-module-imports 385ms (cache revalidated)
313 silly packumentCache full:https://registry.npmjs.org/@babel%2fhelper-module-imports set size:203392 disposed:false
314 silly placeDep ROOT @babel/helper-validator-identifier@7.29.7 OK for: @babel/code-frame@7.29.7 want: ^7.29.7
315 silly placeDep ROOT js-tokens@4.0.0 OK for: @babel/code-frame@7.29.7 want: ^4.0.0
316 silly placeDep ROOT picocolors@1.1.1 OK for: @babel/code-frame@7.29.7 want: ^1.1.1
317 silly placeDep ROOT @jridgewell/gen-mapping@0.3.13 OK for: @babel/generator@7.29.8 want: ^0.3.12
318 silly placeDep ROOT @jridgewell/trace-mapping@0.3.31 OK for: @babel/generator@7.29.8 want: ^0.3.28
319 silly placeDep ROOT jsesc@3.1.0 OK for: @babel/generator@7.29.8 want: ^3.0.2
320 silly fetch manifest @jridgewell/sourcemap-codec@^1.5.0
321 silly packumentCache full:https://registry.npmjs.org/@jridgewell%2fsourcemap-codec cache-miss
322 silly fetch manifest @jridgewell/resolve-uri@^3.1.0
323 silly packumentCache full:https://registry.npmjs.org/@jridgewell%2fresolve-uri cache-miss
324 silly fetch manifest @jridgewell/sourcemap-codec@^1.4.14
325 silly packumentCache full:https://registry.npmjs.org/@jridgewell%2fsourcemap-codec cache-miss
326 http fetch GET 200 https://registry.npmjs.org/@jridgewell%2fsourcemap-codec 136ms (cache revalidated)
327 silly packumentCache full:https://registry.npmjs.org/@jridgewell%2fsourcemap-codec set size:65255 disposed:false
328 http fetch GET 200 https://registry.npmjs.org/@jridgewell%2fsourcemap-codec 139ms (cache revalidated)
329 silly packumentCache full:https://registry.npmjs.org/@jridgewell%2fsourcemap-codec set size:65255 disposed:false
330 silly packumentCache full:https://registry.npmjs.org/@jridgewell%2fsourcemap-codec dispose
331 http fetch GET 200 https://registry.npmjs.org/@jridgewell%2fresolve-uri 141ms (cache revalidated)
332 silly packumentCache full:https://registry.npmjs.org/@jridgewell%2fresolve-uri set size:57361 disposed:false
333 silly placeDep ROOT @babel/compat-data@7.29.7 OK for: @babel/helper-compilation-targets@7.29.7 want: ^7.29.7
334 silly placeDep ROOT @babel/helper-validator-option@7.29.7 OK for: @babel/helper-compilation-targets@7.29.7 want: ^7.29.7
335 silly placeDep ROOT browserslist@4.28.8 OK for: @babel/helper-compilation-targets@7.29.7 want: ^4.24.0
336 silly placeDep ROOT lru-cache@5.1.1 OK for: @babel/helper-compilation-targets@7.29.7 want: ^5.1.1
337 silly fetch manifest caniuse-lite@^1.0.30001809
338 silly packumentCache full:https://registry.npmjs.org/caniuse-lite cache-miss
339 silly fetch manifest node-releases@^2.0.53
340 silly packumentCache full:https://registry.npmjs.org/node-releases cache-miss
341 silly fetch manifest electron-to-chromium@^1.5.402
342 silly packumentCache full:https://registry.npmjs.org/electron-to-chromium cache-miss
343 silly fetch manifest update-browserslist-db@^1.3.0
344 silly packumentCache full:https://registry.npmjs.org/update-browserslist-db cache-miss
345 silly fetch manifest baseline-browser-mapping@^2.11.12
346 silly packumentCache full:https://registry.npmjs.org/baseline-browser-mapping cache-miss
347 silly fetch manifest yallist@^3.0.2
348 silly packumentCache full:https://registry.npmjs.org/yallist cache-miss
349 http fetch GET 200 https://registry.npmjs.org/baseline-browser-mapping 116ms (cache revalidated)
350 silly packumentCache full:https://registry.npmjs.org/baseline-browser-mapping set size:621461 disposed:false
351 http fetch GET 200 https://registry.npmjs.org/update-browserslist-db 123ms (cache revalidated)
352 silly packumentCache full:https://registry.npmjs.org/update-browserslist-db set size:68935 disposed:false
353 http fetch GET 200 https://registry.npmjs.org/node-releases 126ms (cache revalidated)
354 silly packumentCache full:https://registry.npmjs.org/node-releases set size:295994 disposed:false
355 http fetch GET 200 https://registry.npmjs.org/yallist 128ms (cache revalidated)
356 silly packumentCache full:https://registry.npmjs.org/yallist set size:34610 disposed:false
357 http fetch GET 200 https://registry.npmjs.org/caniuse-lite 136ms (cache revalidated)
358 silly packumentCache full:https://registry.npmjs.org/caniuse-lite set size:2313344 disposed:false
359 http fetch GET 200 https://registry.npmjs.org/electron-to-chromium 1027ms (cache updated)
360 silly packumentCache full:https://registry.npmjs.org/electron-to-chromium set size:undefined disposed:false
361 silly placeDep ROOT @babel/helper-module-imports@7.29.7 OK for: @babel/helper-module-transforms@7.29.7 want: ^7.29.7
362 silly placeDep ROOT @babel/helper-plugin-utils@7.29.7 OK for: @babel/plugin-transform-react-jsx-self@7.29.7 want: ^7.29.7
363 silly placeDep ROOT @babel/helper-globals@7.29.7 OK for: @babel/traverse@7.29.8 want: ^7.29.7
364 silly placeDep ROOT @babel/helper-string-parser@7.29.7 OK for: @babel/types@7.29.8 want: ^7.29.7
365 silly placeDep ROOT @jridgewell/sourcemap-codec@1.6.0 OK for: @jridgewell/gen-mapping@0.3.13 want: ^1.5.0
366 silly placeDep ROOT @jridgewell/resolve-uri@3.1.2 OK for: @jridgewell/trace-mapping@0.3.31 want: ^3.1.0
367 silly placeDep ROOT @types/babel__generator@7.27.0 OK for: @types/babel__core@7.20.5 want: *
368 silly placeDep ROOT @types/babel__template@7.4.4 OK for: @types/babel__core@7.20.5 want: *
369 silly placeDep ROOT @types/babel__traverse@7.28.0 OK for: @types/babel__core@7.20.5 want: *
370 silly fetch manifest browserslist@>= 4.21.0
371 silly packumentCache full:https://registry.npmjs.org/browserslist cache-hit
372 silly placeDep ROOT baseline-browser-mapping@2.11.20 OK for: browserslist@4.28.8 want: ^2.11.12
373 silly placeDep ROOT caniuse-lite@1.0.30001810 OK for: browserslist@4.28.8 want: ^1.0.30001809
374 silly placeDep ROOT electron-to-chromium@1.5.420 OK for: browserslist@4.28.8 want: ^1.5.402
375 silly placeDep ROOT node-releases@2.0.54 OK for: browserslist@4.28.8 want: ^2.0.53
376 silly placeDep ROOT update-browserslist-db@1.3.2 OK for: browserslist@4.28.8 want: ^1.3.0
377 silly fetch manifest escalade@^3.2.0
378 silly packumentCache full:https://registry.npmjs.org/escalade cache-miss
379 http fetch GET 200 https://registry.npmjs.org/escalade 114ms (cache revalidated)
380 silly packumentCache full:https://registry.npmjs.org/escalade set size:33724 disposed:false
381 silly placeDep ROOT ms@2.1.3 OK for: debug@4.4.3 want: ^2.1.3
382 silly placeDep ROOT yallist@3.1.1 OK for: lru-cache@5.1.1 want: ^3.0.2
383 silly placeDep ROOT loose-envify@1.4.0 OK for: react@18.3.1 want: ^1.1.0
384 silly placeDep ROOT scheduler@0.23.2 OK for: react-dom@18.3.1 want: ^0.23.2
385 silly placeDep ROOT escalade@3.2.0 OK for: update-browserslist-db@1.3.2 want: ^3.2.0
386 silly placeDep ROOT esbuild@0.21.5 OK for: vite@5.4.8 want: ^0.21.3
387 silly placeDep ROOT fsevents@2.3.3 OK for: vite@5.4.8 want: ~2.3.3
388 silly placeDep ROOT postcss@8.5.26 OK for: vite@5.4.8 want: ^8.4.43
389 silly placeDep ROOT rollup@4.63.1 OK for: vite@5.4.8 want: ^4.20.0
390 silly fetch manifest @esbuild/aix-ppc64@0.21.5
391 silly packumentCache full:https://registry.npmjs.org/@esbuild%2faix-ppc64 cache-miss
392 silly fetch manifest @esbuild/linux-arm@0.21.5
393 silly packumentCache full:https://registry.npmjs.org/@esbuild%2flinux-arm cache-miss
394 silly fetch manifest @esbuild/linux-x64@0.21.5
395 silly packumentCache full:https://registry.npmjs.org/@esbuild%2flinux-x64 cache-miss
396 silly fetch manifest @esbuild/sunos-x64@0.21.5
397 silly packumentCache full:https://registry.npmjs.org/@esbuild%2fsunos-x64 cache-miss
398 silly fetch manifest @esbuild/win32-x64@0.21.5
399 silly packumentCache full:https://registry.npmjs.org/@esbuild%2fwin32-x64 cache-miss
400 silly fetch manifest @esbuild/darwin-x64@0.21.5
401 silly packumentCache full:https://registry.npmjs.org/@esbuild%2fdarwin-x64 cache-miss
402 silly fetch manifest @esbuild/linux-ia32@0.21.5
403 silly packumentCache full:https://registry.npmjs.org/@esbuild%2flinux-ia32 cache-miss
404 silly fetch manifest @esbuild/netbsd-x64@0.21.5
405 silly packumentCache full:https://registry.npmjs.org/@esbuild%2fnetbsd-x64 cache-miss
406 silly fetch manifest @esbuild/win32-ia32@0.21.5
407 silly packumentCache full:https://registry.npmjs.org/@esbuild%2fwin32-ia32 cache-miss
408 silly fetch manifest @esbuild/android-arm@0.21.5
409 silly packumentCache full:https://registry.npmjs.org/@esbuild%2fandroid-arm cache-miss
410 silly fetch manifest @esbuild/android-x64@0.21.5
411 silly packumentCache full:https://registry.npmjs.org/@esbuild%2fandroid-x64 cache-miss
412 http fetch GET 200 https://registry.npmjs.org/@esbuild%2fnetbsd-x64 161ms (cache revalidated)
413 silly packumentCache full:https://registry.npmjs.org/@esbuild%2fnetbsd-x64 set size:197314 disposed:false
414 silly fetch manifest @esbuild/freebsd-x64@0.21.5
415 silly packumentCache full:https://registry.npmjs.org/@esbuild%2ffreebsd-x64 cache-miss
416 http fetch GET 200 https://registry.npmjs.org/@esbuild%2flinux-x64 168ms (cache revalidated)
417 silly packumentCache full:https://registry.npmjs.org/@esbuild%2flinux-x64 set size:198942 disposed:false
418 silly fetch manifest @esbuild/linux-arm64@0.21.5
419 silly packumentCache full:https://registry.npmjs.org/@esbuild%2flinux-arm64 cache-miss
420 http fetch GET 200 https://registry.npmjs.org/@esbuild%2flinux-ia32 170ms (cache revalidated)
421 silly packumentCache full:https://registry.npmjs.org/@esbuild%2flinux-ia32 set size:199625 disposed:false
422 silly fetch manifest @esbuild/linux-ppc64@0.21.5
423 silly packumentCache full:https://registry.npmjs.org/@esbuild%2flinux-ppc64 cache-miss
424 http fetch GET 200 https://registry.npmjs.org/@esbuild%2fsunos-x64 175ms (cache revalidated)
425 silly packumentCache full:https://registry.npmjs.org/@esbuild%2fsunos-x64 set size:199187 disposed:false
426 silly fetch manifest @esbuild/linux-s390x@0.21.5
427 silly packumentCache full:https://registry.npmjs.org/@esbuild%2flinux-s390x cache-miss
428 http fetch GET 200 https://registry.npmjs.org/@esbuild%2fdarwin-x64 178ms (cache revalidated)
429 silly packumentCache full:https://registry.npmjs.org/@esbuild%2fdarwin-x64 set size:199670 disposed:false
430 silly fetch manifest @esbuild/openbsd-x64@0.21.5
431 silly packumentCache full:https://registry.npmjs.org/@esbuild%2fopenbsd-x64 cache-miss
432 http fetch GET 200 https://registry.npmjs.org/@esbuild%2fandroid-arm 179ms (cache revalidated)
433 silly packumentCache full:https://registry.npmjs.org/@esbuild%2fandroid-arm set size:225217 disposed:false
434 silly fetch manifest @esbuild/win32-arm64@0.21.5
435 silly packumentCache full:https://registry.npmjs.org/@esbuild%2fwin32-arm64 cache-miss
436 http fetch GET 200 https://registry.npmjs.org/@esbuild%2flinux-arm 187ms (cache revalidated)
437 silly packumentCache full:https://registry.npmjs.org/@esbuild%2flinux-arm set size:198596 disposed:false
438 silly fetch manifest @esbuild/darwin-arm64@0.21.5
439 silly packumentCache full:https://registry.npmjs.org/@esbuild%2fdarwin-arm64 cache-miss
440 http fetch GET 200 https://registry.npmjs.org/@esbuild%2fwin32-ia32 190ms (cache revalidated)
441 silly packumentCache full:https://registry.npmjs.org/@esbuild%2fwin32-ia32 set size:199854 disposed:false
442 silly fetch manifest @esbuild/android-arm64@0.21.5
443 silly packumentCache full:https://registry.npmjs.org/@esbuild%2fandroid-arm64 cache-miss
444 http fetch GET 200 https://registry.npmjs.org/@esbuild%2fwin32-x64 198ms (cache revalidated)
445 silly packumentCache full:https://registry.npmjs.org/@esbuild%2fwin32-x64 set size:197540 disposed:false
446 silly fetch manifest @esbuild/freebsd-arm64@0.21.5
447 silly packumentCache full:https://registry.npmjs.org/@esbuild%2ffreebsd-arm64 cache-miss
448 http fetch GET 200 https://registry.npmjs.org/@esbuild%2faix-ppc64 205ms (cache revalidated)
449 silly packumentCache full:https://registry.npmjs.org/@esbuild%2faix-ppc64 set size:67797 disposed:false
450 silly fetch manifest @esbuild/linux-loong64@0.21.5
451 silly packumentCache full:https://registry.npmjs.org/@esbuild%2flinux-loong64 cache-miss
452 http fetch GET 200 https://registry.npmjs.org/@esbuild%2fandroid-x64 210ms (cache revalidated)
453 silly packumentCache full:https://registry.npmjs.org/@esbuild%2fandroid-x64 set size:199017 disposed:false
454 silly fetch manifest @esbuild/linux-riscv64@0.21.5
455 silly packumentCache full:https://registry.npmjs.org/@esbuild%2flinux-riscv64 cache-miss
456 http fetch GET 200 https://registry.npmjs.org/@esbuild%2ffreebsd-arm64 196ms (cache revalidated)
457 silly packumentCache full:https://registry.npmjs.org/@esbuild%2ffreebsd-arm64 set size:202383 disposed:false
458 silly fetch manifest @esbuild/linux-mips64el@0.21.5
459 silly packumentCache full:https://registry.npmjs.org/@esbuild%2flinux-mips64el cache-miss
460 http fetch GET 200 https://registry.npmjs.org/@esbuild%2flinux-s390x 226ms (cache revalidated)
461 silly packumentCache full:https://registry.npmjs.org/@esbuild%2flinux-s390x set size:202310 disposed:false
462 silly fetch manifest nanoid@^3.3.17
463 silly packumentCache full:https://registry.npmjs.org/nanoid cache-miss
464 http fetch GET 200 https://registry.npmjs.org/@esbuild%2flinux-arm64 236ms (cache revalidated)
465 silly packumentCache full:https://registry.npmjs.org/@esbuild%2flinux-arm64 set size:200773 disposed:false
466 silly fetch manifest source-map-js@^1.2.1
467 silly packumentCache full:https://registry.npmjs.org/source-map-js cache-miss
468 http fetch GET 200 https://registry.npmjs.org/@esbuild%2fopenbsd-x64 228ms (cache revalidated)
469 silly packumentCache full:https://registry.npmjs.org/@esbuild%2fopenbsd-x64 set size:200576 disposed:false
470 silly fetch manifest @types/estree@1.0.9
471 silly packumentCache full:https://registry.npmjs.org/@types%2festree cache-miss
472 http fetch GET 200 https://registry.npmjs.org/@esbuild%2ffreebsd-x64 251ms (cache revalidated)
473 silly packumentCache full:https://registry.npmjs.org/@esbuild%2ffreebsd-x64 set size:200565 disposed:false
474 silly fetch manifest @rollup/rollup-darwin-x64@4.63.1
475 silly packumentCache full:https://registry.npmjs.org/@rollup%2frollup-darwin-x64 cache-miss
476 http fetch GET 200 https://registry.npmjs.org/@esbuild%2fdarwin-arm64 230ms (cache revalidated)
477 silly packumentCache full:https://registry.npmjs.org/@esbuild%2fdarwin-arm64 set size:201471 disposed:false
478 silly fetch manifest @rollup/rollup-freebsd-x64@4.63.1
479 silly packumentCache full:https://registry.npmjs.org/@rollup%2frollup-freebsd-x64 cache-miss
480 http fetch GET 200 https://registry.npmjs.org/@esbuild%2fwin32-arm64 238ms (cache revalidated)
481 silly packumentCache full:https://registry.npmjs.org/@esbuild%2fwin32-arm64 set size:201005 disposed:false
482 silly fetch manifest @rollup/rollup-openbsd-x64@4.63.1
483 silly packumentCache full:https://registry.npmjs.org/@rollup%2frollup-openbsd-x64 cache-miss
484 http fetch GET 200 https://registry.npmjs.org/@esbuild%2flinux-ppc64 253ms (cache revalidated)
485 silly packumentCache full:https://registry.npmjs.org/@esbuild%2flinux-ppc64 set size:202845 disposed:false
486 silly fetch manifest @napi-rs/lzma-linux-x64-gnu@1.5.1
487 silly packumentCache full:https://registry.npmjs.org/@napi-rs%2flzma-linux-x64-gnu cache-miss
488 http fetch GET 200 https://registry.npmjs.org/@esbuild%2fandroid-arm64 236ms (cache revalidated)
489 silly packumentCache full:https://registry.npmjs.org/@esbuild%2fandroid-arm64 set size:204216 disposed:false
490 silly fetch manifest @rollup/rollup-darwin-arm64@4.63.1
491 silly packumentCache full:https://registry.npmjs.org/@rollup%2frollup-darwin-arm64 cache-miss
492 http fetch GET 200 https://registry.npmjs.org/@esbuild%2flinux-riscv64 222ms (cache revalidated)
493 silly packumentCache full:https://registry.npmjs.org/@esbuild%2flinux-riscv64 set size:202512 disposed:false
494 silly fetch manifest @rollup/rollup-android-arm64@4.63.1
495 silly packumentCache full:https://registry.npmjs.org/@rollup%2frollup-android-arm64 cache-miss
496 http fetch GET 200 https://registry.npmjs.org/@esbuild%2flinux-loong64 234ms (cache revalidated)
497 silly packumentCache full:https://registry.npmjs.org/@esbuild%2flinux-loong64 set size:255749 disposed:false
498 silly fetch manifest @rollup/rollup-freebsd-arm64@4.63.1
499 silly packumentCache full:https://registry.npmjs.org/@rollup%2frollup-freebsd-arm64 cache-miss
500 http fetch GET 200 https://registry.npmjs.org/nanoid 215ms (cache revalidated)
501 silly packumentCache full:https://registry.npmjs.org/nanoid set size:342705 disposed:false
502 silly fetch manifest @rollup/rollup-linux-x64-gnu@4.63.1
503 silly packumentCache full:https://registry.npmjs.org/@rollup%2frollup-linux-x64-gnu cache-miss
504 http fetch GET 200 https://registry.npmjs.org/source-map-js 223ms (cache revalidated)
505 silly packumentCache full:https://registry.npmjs.org/source-map-js set size:62640 disposed:false
506 silly fetch manifest @rollup/rollup-win32-x64-gnu@4.63.1
507 silly packumentCache full:https://registry.npmjs.org/@rollup%2frollup-win32-x64-gnu cache-miss
508 http fetch GET 200 https://registry.npmjs.org/@rollup%2frollup-freebsd-x64 226ms (cache revalidated)
509 silly packumentCache full:https://registry.npmjs.org/@rollup%2frollup-freebsd-x64 set size:204859 disposed:false
510 silly fetch manifest @rollup/rollup-linux-x64-musl@4.63.1
511 silly packumentCache full:https://registry.npmjs.org/@rollup%2frollup-linux-x64-musl cache-miss
512 http fetch GET 200 https://registry.npmjs.org/@esbuild%2flinux-mips64el 251ms (cache revalidated)
513 silly packumentCache full:https://registry.npmjs.org/@esbuild%2flinux-mips64el set size:204633 disposed:false
514 silly fetch manifest @rollup/rollup-win32-x64-msvc@4.63.1
515 silly packumentCache full:https://registry.npmjs.org/@rollup%2frollup-win32-x64-msvc cache-miss
516 http fetch GET 200 https://registry.npmjs.org/@rollup%2frollup-darwin-x64 239ms (cache revalidated)
517 silly packumentCache full:https://registry.npmjs.org/@rollup%2frollup-darwin-x64 set size:352180 disposed:false
518 silly fetch manifest @rollup/rollup-linux-arm64-gnu@4.63.1
519 silly packumentCache full:https://registry.npmjs.org/@rollup%2frollup-linux-arm64-gnu cache-miss
520 http fetch GET 200 https://registry.npmjs.org/@rollup%2frollup-android-arm64 223ms (cache revalidated)
521 silly packumentCache full:https://registry.npmjs.org/@rollup%2frollup-android-arm64 set size:358720 disposed:false
522 silly fetch manifest @rollup/rollup-linux-ppc64-gnu@4.63.1
523 silly packumentCache full:https://registry.npmjs.org/@rollup%2frollup-linux-ppc64-gnu cache-miss
524 http fetch GET 200 https://registry.npmjs.org/@types%2festree 259ms (cache revalidated)
525 silly packumentCache full:https://registry.npmjs.org/@types%2festree set size:76072 disposed:false
526 silly fetch manifest @rollup/rollup-linux-s390x-gnu@4.63.1
527 silly packumentCache full:https://registry.npmjs.org/@rollup%2frollup-linux-s390x-gnu cache-miss
528 http fetch GET 200 https://registry.npmjs.org/@rollup%2frollup-openbsd-x64 247ms (cache revalidated)
529 silly packumentCache full:https://registry.npmjs.org/@rollup%2frollup-openbsd-x64 set size:49602 disposed:false
530 silly fetch manifest @rollup/rollup-win32-ia32-msvc@4.63.1
531 silly packumentCache full:https://registry.npmjs.org/@rollup%2frollup-win32-ia32-msvc cache-miss
532 http fetch GET 200 https://registry.npmjs.org/@rollup%2frollup-freebsd-arm64 229ms (cache revalidated)
533 silly packumentCache full:https://registry.npmjs.org/@rollup%2frollup-freebsd-arm64 set size:206926 disposed:false
534 silly fetch manifest @rollup/rollup-android-arm-eabi@4.63.1
535 silly packumentCache full:https://registry.npmjs.org/@rollup%2frollup-android-arm-eabi cache-miss
536 http fetch GET 200 https://registry.npmjs.org/@rollup%2frollup-darwin-arm64 244ms (cache revalidated)
537 silly packumentCache full:https://registry.npmjs.org/@rollup%2frollup-darwin-arm64 set size:357142 disposed:false
538 silly fetch manifest @rollup/rollup-linux-arm64-musl@4.63.1
539 silly packumentCache full:https://registry.npmjs.org/@rollup%2frollup-linux-arm64-musl cache-miss
540 http fetch GET 200 https://registry.npmjs.org/@rollup%2frollup-linux-x64-gnu 194ms (cache revalidated)
541 silly packumentCache full:https://registry.npmjs.org/@rollup%2frollup-linux-x64-gnu set size:359634 disposed:false
542 silly fetch manifest @rollup/rollup-linux-ppc64-musl@4.63.1
543 silly packumentCache full:https://registry.npmjs.org/@rollup%2frollup-linux-ppc64-musl cache-miss
544 http fetch GET 200 https://registry.npmjs.org/@napi-rs%2flzma-linux-x64-gnu 395ms (cache revalidated)
545 silly packumentCache full:https://registry.npmjs.org/@napi-rs%2flzma-linux-x64-gnu set size:31508 disposed:false
546 silly fetch manifest @rollup/rollup-win32-arm64-msvc@4.63.1
547 silly packumentCache full:https://registry.npmjs.org/@rollup%2frollup-win32-arm64-msvc cache-miss
548 http fetch GET 200 https://registry.npmjs.org/@rollup%2frollup-win32-ia32-msvc 163ms (cache revalidated)
549 silly packumentCache full:https://registry.npmjs.org/@rollup%2frollup-win32-ia32-msvc set size:360742 disposed:false
550 silly fetch manifest @rollup/rollup-linux-loong64-gnu@4.63.1
551 silly packumentCache full:https://registry.npmjs.org/@rollup%2frollup-linux-loong64-gnu cache-miss
552 http fetch GET 200 https://registry.npmjs.org/@rollup%2frollup-linux-s390x-gnu 170ms (cache revalidated)
553 silly packumentCache full:https://registry.npmjs.org/@rollup%2frollup-linux-s390x-gnu set size:264500 disposed:false
554 silly fetch manifest @rollup/rollup-linux-riscv64-gnu@4.63.1
555 silly packumentCache full:https://registry.npmjs.org/@rollup%2frollup-linux-riscv64-gnu cache-miss
556 http fetch GET 200 https://registry.npmjs.org/@rollup%2frollup-win32-x64-msvc 189ms (cache revalidated)
557 silly packumentCache full:https://registry.npmjs.org/@rollup%2frollup-win32-x64-msvc set size:357307 disposed:false
558 silly fetch manifest @rollup/rollup-openharmony-arm64@4.63.1
559 silly packumentCache full:https://registry.npmjs.org/@rollup%2frollup-openharmony-arm64 cache-miss
560 http fetch GET 200 https://registry.npmjs.org/@rollup%2frollup-android-arm-eabi 173ms (cache revalidated)
561 silly packumentCache full:https://registry.npmjs.org/@rollup%2frollup-android-arm-eabi set size:362315 disposed:false
562 silly fetch manifest @rollup/rollup-linux-loong64-musl@4.63.1
563 silly packumentCache full:https://registry.npmjs.org/@rollup%2frollup-linux-loong64-musl cache-miss
564 http fetch GET 200 https://registry.npmjs.org/@rollup%2frollup-linux-arm64-gnu 197ms (cache revalidated)
565 silly packumentCache full:https://registry.npmjs.org/@rollup%2frollup-linux-arm64-gnu set size:364652 disposed:false
566 silly fetch manifest @rollup/rollup-linux-riscv64-musl@4.63.1
567 silly packumentCache full:https://registry.npmjs.org/@rollup%2frollup-linux-riscv64-musl cache-miss
568 http fetch GET 200 https://registry.npmjs.org/@rollup%2frollup-win32-x64-gnu 232ms (cache revalidated)
569 silly packumentCache full:https://registry.npmjs.org/@rollup%2frollup-win32-x64-gnu set size:80328 disposed:false
570 silly fetch manifest @rollup/rollup-linux-arm-gnueabihf@4.63.1
571 silly packumentCache full:https://registry.npmjs.org/@rollup%2frollup-linux-arm-gnueabihf cache-miss
572 http fetch GET 200 https://registry.npmjs.org/@rollup%2frollup-linux-ppc64-gnu 201ms (cache revalidated)
573 silly packumentCache full:https://registry.npmjs.org/@rollup%2frollup-linux-ppc64-gnu set size:109337 disposed:false
574 silly fetch manifest @rollup/rollup-linux-arm-musleabihf@4.63.1
575 silly packumentCache full:https://registry.npmjs.org/@rollup%2frollup-linux-arm-musleabihf cache-miss
576 http fetch GET 200 https://registry.npmjs.org/@rollup%2frollup-linux-arm64-musl 189ms (cache revalidated)
577 silly packumentCache full:https://registry.npmjs.org/@rollup%2frollup-linux-arm64-musl set size:320100 disposed:false
578 http fetch GET 200 https://registry.npmjs.org/@rollup%2frollup-linux-ppc64-musl 233ms (cache revalidated)
579 silly packumentCache full:https://registry.npmjs.org/@rollup%2frollup-linux-ppc64-musl set size:50924 disposed:false
580 http fetch GET 200 https://registry.npmjs.org/@rollup%2frollup-linux-arm-gnueabihf 193ms (cache revalidated)
581 silly packumentCache full:https://registry.npmjs.org/@rollup%2frollup-linux-arm-gnueabihf set size:368410 disposed:false
582 http fetch GET 200 https://registry.npmjs.org/@rollup%2frollup-linux-loong64-musl 214ms (cache revalidated)
583 silly packumentCache full:https://registry.npmjs.org/@rollup%2frollup-linux-loong64-musl set size:51343 disposed:false
584 http fetch GET 200 https://registry.npmjs.org/@rollup%2frollup-win32-arm64-msvc 248ms (cache revalidated)
585 silly packumentCache full:https://registry.npmjs.org/@rollup%2frollup-win32-arm64-msvc set size:362307 disposed:false
586 http fetch GET 200 https://registry.npmjs.org/@rollup%2frollup-linux-riscv64-musl 220ms (cache revalidated)
587 silly packumentCache full:https://registry.npmjs.org/@rollup%2frollup-linux-riscv64-musl set size:137007 disposed:false
588 http fetch GET 200 https://registry.npmjs.org/@rollup%2frollup-linux-arm-musleabihf 219ms (cache revalidated)
589 silly packumentCache full:https://registry.npmjs.org/@rollup%2frollup-linux-arm-musleabihf set size:262647 disposed:false
590 http fetch GET 200 https://registry.npmjs.org/@rollup%2frollup-linux-riscv64-gnu 253ms (cache revalidated)
591 silly packumentCache full:https://registry.npmjs.org/@rollup%2frollup-linux-riscv64-gnu set size:290962 disposed:false
592 http fetch GET 200 https://registry.npmjs.org/@rollup%2frollup-openharmony-arm64 253ms (cache revalidated)
593 silly packumentCache full:https://registry.npmjs.org/@rollup%2frollup-openharmony-arm64 set size:90021 disposed:false
594 http fetch GET 200 https://registry.npmjs.org/@rollup%2frollup-linux-loong64-gnu 389ms (cache revalidated)
595 silly packumentCache full:https://registry.npmjs.org/@rollup%2frollup-linux-loong64-gnu set size:89277 disposed:false
596 http fetch GET 200 https://registry.npmjs.org/@rollup%2frollup-linux-x64-musl 697ms (cache revalidated)
597 silly packumentCache full:https://registry.npmjs.org/@rollup%2frollup-linux-x64-musl set size:359041 disposed:false
598 silly placeDep ROOT @esbuild/aix-ppc64@0.21.5 OK for: esbuild@0.21.5 want: 0.21.5
599 silly placeDep ROOT @esbuild/android-arm@0.21.5 OK for: esbuild@0.21.5 want: 0.21.5
600 silly placeDep ROOT @esbuild/android-arm64@0.21.5 OK for: esbuild@0.21.5 want: 0.21.5
601 silly placeDep ROOT @esbuild/android-x64@0.21.5 OK for: esbuild@0.21.5 want: 0.21.5
602 silly placeDep ROOT @esbuild/darwin-arm64@0.21.5 OK for: esbuild@0.21.5 want: 0.21.5
603 silly placeDep ROOT @esbuild/darwin-x64@0.21.5 OK for: esbuild@0.21.5 want: 0.21.5
604 silly placeDep ROOT @esbuild/freebsd-arm64@0.21.5 OK for: esbuild@0.21.5 want: 0.21.5
605 silly placeDep ROOT @esbuild/freebsd-x64@0.21.5 OK for: esbuild@0.21.5 want: 0.21.5
606 silly placeDep ROOT @esbuild/linux-arm@0.21.5 OK for: esbuild@0.21.5 want: 0.21.5
607 silly placeDep ROOT @esbuild/linux-arm64@0.21.5 OK for: esbuild@0.21.5 want: 0.21.5
608 silly placeDep ROOT @esbuild/linux-ia32@0.21.5 OK for: esbuild@0.21.5 want: 0.21.5
609 silly placeDep ROOT @esbuild/linux-loong64@0.21.5 OK for: esbuild@0.21.5 want: 0.21.5
610 silly placeDep ROOT @esbuild/linux-mips64el@0.21.5 OK for: esbuild@0.21.5 want: 0.21.5
611 silly placeDep ROOT @esbuild/linux-ppc64@0.21.5 OK for: esbuild@0.21.5 want: 0.21.5
612 silly placeDep ROOT @esbuild/linux-riscv64@0.21.5 OK for: esbuild@0.21.5 want: 0.21.5
613 silly placeDep ROOT @esbuild/linux-s390x@0.21.5 OK for: esbuild@0.21.5 want: 0.21.5
614 silly placeDep ROOT @esbuild/linux-x64@0.21.5 OK for: esbuild@0.21.5 want: 0.21.5
615 silly placeDep ROOT @esbuild/netbsd-x64@0.21.5 OK for: esbuild@0.21.5 want: 0.21.5
616 silly placeDep ROOT @esbuild/openbsd-x64@0.21.5 OK for: esbuild@0.21.5 want: 0.21.5
617 silly placeDep ROOT @esbuild/sunos-x64@0.21.5 OK for: esbuild@0.21.5 want: 0.21.5
618 silly placeDep ROOT @esbuild/win32-arm64@0.21.5 OK for: esbuild@0.21.5 want: 0.21.5
619 silly placeDep ROOT @esbuild/win32-ia32@0.21.5 OK for: esbuild@0.21.5 want: 0.21.5
620 silly placeDep ROOT @esbuild/win32-x64@0.21.5 OK for: esbuild@0.21.5 want: 0.21.5
621 silly placeDep ROOT nanoid@3.3.18 OK for: postcss@8.5.26 want: ^3.3.17
622 silly placeDep ROOT source-map-js@1.2.1 OK for: postcss@8.5.26 want: ^1.2.1
623 silly placeDep ROOT @napi-rs/lzma-linux-x64-gnu@1.5.1 OK for: rollup@4.63.1 want: 1.5.1
624 silly placeDep ROOT @rollup/rollup-android-arm-eabi@4.63.1 OK for: rollup@4.63.1 want: 4.63.1
625 silly placeDep ROOT @rollup/rollup-android-arm64@4.63.1 OK for: rollup@4.63.1 want: 4.63.1
626 silly placeDep ROOT @rollup/rollup-darwin-arm64@4.63.1 OK for: rollup@4.63.1 want: 4.63.1
627 silly placeDep ROOT @rollup/rollup-darwin-x64@4.63.1 OK for: rollup@4.63.1 want: 4.63.1
628 silly placeDep ROOT @rollup/rollup-freebsd-arm64@4.63.1 OK for: rollup@4.63.1 want: 4.63.1
629 silly placeDep ROOT @rollup/rollup-freebsd-x64@4.63.1 OK for: rollup@4.63.1 want: 4.63.1
630 silly placeDep ROOT @rollup/rollup-linux-arm-gnueabihf@4.63.1 OK for: rollup@4.63.1 want: 4.63.1
631 silly placeDep ROOT @rollup/rollup-linux-arm-musleabihf@4.63.1 OK for: rollup@4.63.1 want: 4.63.1
632 silly placeDep ROOT @rollup/rollup-linux-arm64-gnu@4.63.1 OK for: rollup@4.63.1 want: 4.63.1
633 silly placeDep ROOT @rollup/rollup-linux-arm64-musl@4.63.1 OK for: rollup@4.63.1 want: 4.63.1
634 silly placeDep ROOT @rollup/rollup-linux-loong64-gnu@4.63.1 OK for: rollup@4.63.1 want: 4.63.1
635 silly placeDep ROOT @rollup/rollup-linux-loong64-musl@4.63.1 OK for: rollup@4.63.1 want: 4.63.1
636 silly placeDep ROOT @rollup/rollup-linux-ppc64-gnu@4.63.1 OK for: rollup@4.63.1 want: 4.63.1
637 silly placeDep ROOT @rollup/rollup-linux-ppc64-musl@4.63.1 OK for: rollup@4.63.1 want: 4.63.1
638 silly placeDep ROOT @rollup/rollup-linux-riscv64-gnu@4.63.1 OK for: rollup@4.63.1 want: 4.63.1
639 silly placeDep ROOT @rollup/rollup-linux-riscv64-musl@4.63.1 OK for: rollup@4.63.1 want: 4.63.1
640 silly placeDep ROOT @rollup/rollup-linux-s390x-gnu@4.63.1 OK for: rollup@4.63.1 want: 4.63.1
641 silly placeDep ROOT @rollup/rollup-linux-x64-gnu@4.63.1 OK for: rollup@4.63.1 want: 4.63.1
642 silly placeDep ROOT @rollup/rollup-linux-x64-musl@4.63.1 OK for: rollup@4.63.1 want: 4.63.1
643 silly placeDep ROOT @rollup/rollup-openbsd-x64@4.63.1 OK for: rollup@4.63.1 want: 4.63.1
644 silly placeDep ROOT @rollup/rollup-openharmony-arm64@4.63.1 OK for: rollup@4.63.1 want: 4.63.1
645 silly placeDep ROOT @rollup/rollup-win32-arm64-msvc@4.63.1 OK for: rollup@4.63.1 want: 4.63.1
646 silly placeDep ROOT @rollup/rollup-win32-ia32-msvc@4.63.1 OK for: rollup@4.63.1 want: 4.63.1
647 silly placeDep ROOT @rollup/rollup-win32-x64-gnu@4.63.1 OK for: rollup@4.63.1 want: 4.63.1
648 silly placeDep ROOT @rollup/rollup-win32-x64-msvc@4.63.1 OK for: rollup@4.63.1 want: 4.63.1
649 silly placeDep ROOT @types/estree@1.0.9 OK for: rollup@4.63.1 want: 1.0.9
650 silly reify mark retired [
650 silly reify   'C:\\Users\\kri20\\Documents\\Codex\\2026-09-01\\build-x20\\node_modules\\@oxc-project\\types'
650 silly reify ]
651 silly reify mark retired [
651 silly reify   'C:\\Users\\kri20\\Documents\\Codex\\2026-09-01\\build-x20\\node_modules\\@rolldown\\binding-win32-x64-msvc'
651 silly reify ]
652 silly reify mark retired [
652 silly reify   'C:\\Users\\kri20\\Documents\\Codex\\2026-09-01\\build-x20\\node_modules\\@rolldown\\pluginutils'
652 silly reify ]
653 silly reify mark retired [
653 silly reify   'C:\\Users\\kri20\\Documents\\Codex\\2026-09-01\\build-x20\\node_modules\\@typescript\\typescript-win32-x64'
653 silly reify ]
654 silly reify mark retired [
654 silly reify   'C:\\Users\\kri20\\Documents\\Codex\\2026-09-01\\build-x20\\node_modules\\@vitejs\\plugin-react'
654 silly reify ]
655 silly reify mark retired [
655 silly reify   'C:\\Users\\kri20\\Documents\\Codex\\2026-09-01\\build-x20\\node_modules\\detect-libc'
655 silly reify ]
656 silly reify mark retired [
656 silly reify   'C:\\Users\\kri20\\Documents\\Codex\\2026-09-01\\build-x20\\node_modules\\fdir'
656 silly reify ]
657 silly reify mark retired [
657 silly reify   'C:\\Users\\kri20\\Documents\\Codex\\2026-09-01\\build-x20\\node_modules\\lightningcss'
657 silly reify ]
658 silly reify mark retired [
658 silly reify   'C:\\Users\\kri20\\Documents\\Codex\\2026-09-01\\build-x20\\node_modules\\lightningcss-win32-x64-msvc'
658 silly reify ]
659 silly reify mark retired [
659 silly reify   'C:\\Users\\kri20\\Documents\\Codex\\2026-09-01\\build-x20\\node_modules\\lucide-react'
659 silly reify ]
660 silly reify mark retired [
660 silly reify   'C:\\Users\\kri20\\Documents\\Codex\\2026-09-01\\build-x20\\node_modules\\picomatch'
660 silly reify ]
661 silly reify mark retired [
661 silly reify   'C:\\Users\\kri20\\Documents\\Codex\\2026-09-01\\build-x20\\node_modules\\react'
661 silly reify ]
662 silly reify mark retired [
662 silly reify   'C:\\Users\\kri20\\Documents\\Codex\\2026-09-01\\build-x20\\node_modules\\react-dom'
662 silly reify ]
663 silly reify mark retired [
663 silly reify   'C:\\Users\\kri20\\Documents\\Codex\\2026-09-01\\build-x20\\node_modules\\rolldown',
663 silly reify   'C:\\Users\\kri20\\Documents\\Codex\\2026-09-01\\build-x20\\node_modules\\.bin\\rolldown',
663 silly reify   'C:\\Users\\kri20\\Documents\\Codex\\2026-09-01\\build-x20\\node_modules\\.bin\\rolldown.cmd',
663 silly reify   'C:\\Users\\kri20\\Documents\\Codex\\2026-09-01\\build-x20\\node_modules\\.bin\\rolldown.ps1'
663 silly reify ]
664 silly reify mark retired [
664 silly reify   'C:\\Users\\kri20\\Documents\\Codex\\2026-09-01\\build-x20\\node_modules\\scheduler'
664 silly reify ]
665 silly reify mark retired [
665 silly reify   'C:\\Users\\kri20\\Documents\\Codex\\2026-09-01\\build-x20\\node_modules\\tinyglobby'
665 silly reify ]
666 silly reify mark retired [
666 silly reify   'C:\\Users\\kri20\\Documents\\Codex\\2026-09-01\\build-x20\\node_modules\\typescript',
666 silly reify   'C:\\Users\\kri20\\Documents\\Codex\\2026-09-01\\build-x20\\node_modules\\.bin\\tsc',
666 silly reify   'C:\\Users\\kri20\\Documents\\Codex\\2026-09-01\\build-x20\\node_modules\\.bin\\tsc.cmd',
666 silly reify   'C:\\Users\\kri20\\Documents\\Codex\\2026-09-01\\build-x20\\node_modules\\.bin\\tsc.ps1'
666 silly reify ]
667 silly reify mark retired [
667 silly reify   'C:\\Users\\kri20\\Documents\\Codex\\2026-09-01\\build-x20\\node_modules\\vite',
667 silly reify   'C:\\Users\\kri20\\Documents\\Codex\\2026-09-01\\build-x20\\node_modules\\.bin\\vite',
667 silly reify   'C:\\Users\\kri20\\Documents\\Codex\\2026-09-01\\build-x20\\node_modules\\.bin\\vite.cmd',
667 silly reify   'C:\\Users\\kri20\\Documents\\Codex\\2026-09-01\\build-x20\\node_modules\\.bin\\vite.ps1'
667 silly reify ]
668 silly reify moves {
668 silly reify   'C:\\Users\\kri20\\Documents\\Codex\\2026-09-01\\build-x20\\node_modules\\@oxc-project\\types': 'C:\\Users\\kri20\\Documents\\Codex\\2026-09-01\\build-x20\\node_modules\\@oxc-project\\.types-iEv04bOm',
668 silly reify   'C:\\Users\\kri20\\Documents\\Codex\\2026-09-01\\build-x20\\node_modules\\@rolldown\\binding-win32-x64-msvc': 'C:\\Users\\kri20\\Documents\\Codex\\2026-09-01\\build-x20\\node_modules\\@rolldown\\.binding-win32-x64-msvc-UIObGSCO',
668 silly reify   'C:\\Users\\kri20\\Documents\\Codex\\2026-09-01\\build-x20\\node_modules\\@rolldown\\pluginutils': 'C:\\Users\\kri20\\Documents\\Codex\\2026-09-01\\build-x20\\node_modules\\@rolldown\\.pluginutils-goCpTvpE',
668 silly reify   'C:\\Users\\kri20\\Documents\\Codex\\2026-09-01\\build-x20\\node_modules\\@typescript\\typescript-win32-x64': 'C:\\Users\\kri20\\Documents\\Codex\\2026-09-01\\build-x20\\node_modules\\@typescript\\.typescript-win32-x64-pg1yRqtv',
668 silly reify   'C:\\Users\\kri20\\Documents\\Codex\\2026-09-01\\build-x20\\node_modules\\@vitejs\\plugin-react': 'C:\\Users\\kri20\\Documents\\Codex\\2026-09-01\\build-x20\\node_modules\\@vitejs\\.plugin-react-NgzxvAmi',
668 silly reify   'C:\\Users\\kri20\\Documents\\Codex\\2026-09-01\\build-x20\\node_modules\\detect-libc': 'C:\\Users\\kri20\\Documents\\Codex\\2026-09-01\\build-x20\\node_modules\\.detect-libc-ZifWmDGE',
668 silly reify   'C:\\Users\\kri20\\Documents\\Codex\\2026-09-01\\build-x20\\node_modules\\fdir': 'C:\\Users\\kri20\\Documents\\Codex\\2026-09-01\\build-x20\\node_modules\\.fdir-DASWXU2H',
668 silly reify   'C:\\Users\\kri20\\Documents\\Codex\\2026-09-01\\build-x20\\node_modules\\lightningcss': 'C:\\Users\\kri20\\Documents\\Codex\\2026-09-01\\build-x20\\node_modules\\.lightningcss-Gu1iK4jw',
668 silly reify   'C:\\Users\\kri20\\Documents\\Codex\\2026-09-01\\build-x20\\node_modules\\lightningcss-win32-x64-msvc': 'C:\\Users\\kri20\\Documents\\Codex\\2026-09-01\\build-x20\\node_modules\\.lightningcss-win32-x64-msvc-FJjJbu5h',
668 silly reify   'C:\\Users\\kri20\\Documents\\Codex\\2026-09-01\\build-x20\\node_modules\\lucide-react': 'C:\\Users\\kri20\\Documents\\Codex\\2026-09-01\\build-x20\\node_modules\\.lucide-react-5wLKHaw7',
668 silly reify   'C:\\Users\\kri20\\Documents\\Codex\\2026-09-01\\build-x20\\node_modules\\picomatch': 'C:\\Users\\kri20\\Documents\\Codex\\2026-09-01\\build-x20\\node_modules\\.picomatch-11KdSCm5',
668 silly reify   'C:\\Users\\kri20\\Documents\\Codex\\2026-09-01\\build-x20\\node_modules\\react': 'C:\\Users\\kri20\\Documents\\Codex\\2026-09-01\\build-x20\\node_modules\\.react-LVqE60i9',
668 silly reify   'C:\\Users\\kri20\\Documents\\Codex\\2026-09-01\\build-x20\\node_modules\\react-dom': 'C:\\Users\\kri20\\Documents\\Codex\\2026-09-01\\build-x20\\node_modules\\.react-dom-mybuB2Ns',
668 silly reify   'C:\\Users\\kri20\\Documents\\Codex\\2026-09-01\\build-x20\\node_modules\\rolldown': 'C:\\Users\\kri20\\Documents\\Codex\\2026-09-01\\build-x20\\node_modules\\.rolldown-ORjOCFVT',
668 silly reify   'C:\\Users\\kri20\\Documents\\Codex\\2026-09-01\\build-x20\\node_modules\\.bin\\rolldown': 'C:\\Users\\kri20\\Documents\\Codex\\2026-09-01\\build-x20\\node_modules\\.bin\\.rolldown-TPHUjJsd',
668 silly reify   'C:\\Users\\kri20\\Documents\\Codex\\2026-09-01\\build-x20\\node_modules\\.bin\\rolldown.cmd': 'C:\\Users\\kri20\\Documents\\Codex\\2026-09-01\\build-x20\\node_modules\\.bin\\.rolldown.cmd-9kjVeoAf',
668 silly reify   'C:\\Users\\kri20\\Documents\\Codex\\2026-09-01\\build-x20\\node_modules\\.bin\\rolldown.ps1': 'C:\\Users\\kri20\\Documents\\Codex\\2026-09-01\\build-x20\\node_modules\\.bin\\.rolldown.ps1-IMXE1PDH',
668 silly reify   'C:\\Users\\kri20\\Documents\\Codex\\2026-09-01\\build-x20\\node_modules\\scheduler': 'C:\\Users\\kri20\\Documents\\Codex\\2026-09-01\\build-x20\\node_modules\\.scheduler-pDTwjHDV',
668 silly reify   'C:\\Users\\kri20\\Documents\\Codex\\2026-09-01\\build-x20\\node_modules\\tinyglobby': 'C:\\Users\\kri20\\Documents\\Codex\\2026-09-01\\build-x20\\node_modules\\.tinyglobby-H5ggaKrA',
668 silly reify   'C:\\Users\\kri20\\Documents\\Codex\\2026-09-01\\build-x20\\node_modules\\typescript': 'C:\\Users\\kri20\\Documents\\Codex\\2026-09-01\\build-x20\\node_modules\\.typescript-JIq1LPAJ',
668 silly reify   'C:\\Users\\kri20\\Documents\\Codex\\2026-09-01\\build-x20\\node_modules\\.bin\\tsc': 'C:\\Users\\kri20\\Documents\\Codex\\2026-09-01\\build-x20\\node_modules\\.bin\\.tsc-tCkJCsUg',
668 silly reify   'C:\\Users\\kri20\\Documents\\Codex\\2026-09-01\\build-x20\\node_modules\\.bin\\tsc.cmd': 'C:\\Users\\kri20\\Documents\\Codex\\2026-09-01\\build-x20\\node_modules\\.bin\\.tsc.cmd-2dKCJDTS',
668 silly reify   'C:\\Users\\kri20\\Documents\\Codex\\2026-09-01\\build-x20\\node_modules\\.bin\\tsc.ps1': 'C:\\Users\\kri20\\Documents\\Codex\\2026-09-01\\build-x20\\node_modules\\.bin\\.tsc.ps1-UaWalmE2',
668 silly reify   'C:\\Users\\kri20\\Documents\\Codex\\2026-09-01\\build-x20\\node_modules\\vite': 'C:\\Users\\kri20\\Documents\\Codex\\2026-09-01\\build-x20\\node_modules\\.vite-09sGqDm4',
668 silly reify   'C:\\Users\\kri20\\Documents\\Codex\\2026-09-01\\build-x20\\node_modules\\.bin\\vite': 'C:\\Users\\kri20\\Documents\\Codex\\2026-09-01\\build-x20\\node_modules\\.bin\\.vite-p5OWt1Ed',
668 silly reify   'C:\\Users\\kri20\\Documents\\Codex\\2026-09-01\\build-x20\\node_modules\\.bin\\vite.cmd': 'C:\\Users\\kri20\\Documents\\Codex\\2026-09-01\\build-x20\\node_modules\\.bin\\.vite.cmd-5p4njRIy',
668 silly reify   'C:\\Users\\kri20\\Documents\\Codex\\2026-09-01\\build-x20\\node_modules\\.bin\\vite.ps1': 'C:\\Users\\kri20\\Documents\\Codex\\2026-09-01\\build-x20\\node_modules\\.bin\\.vite.ps1-O5KCj1C3'
668 silly reify }
669 silly audit bulk request {
669 silly audit   '@vitejs/plugin-react': [ '4.3.1' ],
669 silly audit   vite: [ '5.4.8' ],
669 silly audit   'lucide-react': [ '0.441.0' ],
669 silly audit   react: [ '18.3.1' ],
669 silly audit   'react-dom': [ '18.3.1' ],
669 silly audit   typescript: [ '5.5.4' ],
669 silly audit   '@babel/core': [ '7.29.7' ],
669 silly audit   '@babel/plugin-transform-react-jsx-self': [ '7.29.7' ],
669 silly audit   '@babel/plugin-transform-react-jsx-source': [ '7.29.7' ],
669 silly audit   '@types/babel__core': [ '7.20.5' ],
669 silly audit   'react-refresh': [ '0.14.2' ],
669 silly audit   '@babel/code-frame': [ '7.29.7' ],
669 silly audit   '@babel/generator': [ '7.29.8' ],
669 silly audit   '@babel/helper-compilation-targets': [ '7.29.7' ],
669 silly audit   '@babel/helper-module-transforms': [ '7.29.7' ],
669 silly audit   '@babel/helpers': [ '7.29.7' ],
669 silly audit   '@babel/parser': [ '7.29.8' ],
669 silly audit   '@babel/template': [ '7.29.7' ],
669 silly audit   '@babel/traverse': [ '7.29.8' ],
669 silly audit   '@babel/types': [ '7.29.8' ],
669 silly audit   '@jridgewell/remapping': [ '2.3.5' ],
669 silly audit   'convert-source-map': [ '2.0.0' ],
669 silly audit   debug: [ '4.4.3' ],
669 silly audit   gensync: [ '1.0.0-beta.2' ],
669 silly audit   json5: [ '2.2.3' ],
669 silly audit   semver: [ '6.3.1' ],
669 silly audit   '@babel/helper-validator-identifier': [ '7.29.7' ],
669 silly audit   'js-tokens': [ '4.0.0' ],
669 silly audit   picocolors: [ '1.1.1' ],
669 silly audit   '@jridgewell/gen-mapping': [ '0.3.13' ],
669 silly audit   '@jridgewell/trace-mapping': [ '0.3.31' ],
669 silly audit   jsesc: [ '3.1.0' ],
669 silly audit   '@babel/compat-data': [ '7.29.7' ],
669 silly audit   '@babel/helper-validator-option': [ '7.29.7' ],
669 silly audit   browserslist: [ '4.28.8' ],
669 silly audit   'lru-cache': [ '5.1.1' ],
669 silly audit   '@babel/helper-module-imports': [ '7.29.7' ],
669 silly audit   '@babel/helper-plugin-utils': [ '7.29.7' ],
669 silly audit   '@babel/helper-globals': [ '7.29.7' ],
669 silly audit   '@babel/helper-string-parser': [ '7.29.7' ],
669 silly audit   '@jridgewell/sourcemap-codec': [ '1.6.0' ],
669 silly audit   '@jridgewell/resolve-uri': [ '3.1.2' ],
669 silly audit   '@types/babel__generator': [ '7.27.0' ],
669 silly audit   '@types/babel__template': [ '7.4.4' ],
669 silly audit   '@types/babel__traverse': [ '7.28.0' ],
669 silly audit   'baseline-browser-mapping': [ '2.11.20' ],
669 silly audit   'caniuse-lite': [ '1.0.30001810' ],
669 silly audit   'electron-to-chromium': [ '1.5.420' ],
669 silly audit   'node-releases': [ '2.0.54' ],
669 silly audit   'update-browserslist-db': [ '1.3.2' ],
669 silly audit   ms: [ '2.1.3' ],
669 silly audit   yallist: [ '3.1.1' ],
669 silly audit   'loose-envify': [ '1.4.0' ],
669 silly audit   scheduler: [ '0.23.2' ],
669 silly audit   escalade: [ '3.2.0' ],
669 silly audit   esbuild: [ '0.21.5' ],
669 silly audit   fsevents: [ '2.3.3' ],
669 silly audit   postcss: [ '8.5.26' ],
669 silly audit   rollup: [ '4.63.1' ],
669 silly audit   '@esbuild/aix-ppc64': [ '0.21.5' ],
669 silly audit   '@esbuild/android-arm': [ '0.21.5' ],
669 silly audit   '@esbuild/android-arm64': [ '0.21.5' ],
669 silly audit   '@esbuild/android-x64': [ '0.21.5' ],
669 silly audit   '@esbuild/darwin-arm64': [ '0.21.5' ],
669 silly audit   '@esbuild/darwin-x64': [ '0.21.5' ],
669 silly audit   '@esbuild/freebsd-arm64': [ '0.21.5' ],
669 silly audit   '@esbuild/freebsd-x64': [ '0.21.5' ],
669 silly audit   '@esbuild/linux-arm': [ '0.21.5' ],
669 silly audit   '@esbuild/linux-arm64': [ '0.21.5' ],
669 silly audit   '@esbuild/linux-ia32': [ '0.21.5' ],
669 silly audit   '@esbuild/linux-loong64': [ '0.21.5' ],
669 silly audit   '@esbuild/linux-mips64el': [ '0.21.5' ],
669 silly audit   '@esbuild/linux-ppc64': [ '0.21.5' ],
669 silly audit   '@esbuild/linux-riscv64': [ '0.21.5' ],
669 silly audit   '@esbuild/linux-s390x': [ '0.21.5' ],
669 silly audit   '@esbuild/linux-x64': [ '0.21.5' ],
669 silly audit   '@esbuild/netbsd-x64': [ '0.21.5' ],
669 silly audit   '@esbuild/openbsd-x64': [ '0.21.5' ],
669 silly audit   '@esbuild/sunos-x64': [ '0.21.5' ],
669 silly audit   '@esbuild/win32-arm64': [ '0.21.5' ],
669 silly audit   '@esbuild/win32-ia32': [ '0.21.5' ],
669 silly audit   '@esbuild/win32-x64': [ '0.21.5' ],
669 silly audit   nanoid: [ '3.3.18' ],
669 silly audit   'source-map-js': [ '1.2.1' ],
669 silly audit   '@napi-rs/lzma-linux-x64-gnu': [ '1.5.1' ],
669 silly audit   '@rollup/rollup-android-arm-eabi': [ '4.63.1' ],
669 silly audit   '@rollup/rollup-android-arm64': [ '4.63.1' ],
669 silly audit   '@rollup/rollup-darwin-arm64': [ '4.63.1' ],
669 silly audit   '@rollup/rollup-darwin-x64': [ '4.63.1' ],
669 silly audit   '@rollup/rollup-freebsd-arm64': [ '4.63.1' ],
669 silly audit   '@rollup/rollup-freebsd-x64': [ '4.63.1' ],
669 silly audit   '@rollup/rollup-linux-arm-gnueabihf': [ '4.63.1' ],
669 silly audit   '@rollup/rollup-linux-arm-musleabihf': [ '4.63.1' ],
669 silly audit   '@rollup/rollup-linux-arm64-gnu': [ '4.63.1' ],
669 silly audit   '@rollup/rollup-linux-arm64-musl': [ '4.63.1' ],
669 silly audit   '@rollup/rollup-linux-loong64-gnu': [ '4.63.1' ],
669 silly audit   '@rollup/rollup-linux-loong64-musl': [ '4.63.1' ],
669 silly audit   '@rollup/rollup-linux-ppc64-gnu': [ '4.63.1' ],
669 silly audit   '@rollup/rollup-linux-ppc64-musl': [ '4.63.1' ],
669 silly audit   '@rollup/rollup-linux-riscv64-gnu': [ '4.63.1' ],
669 silly audit   '@rollup/rollup-linux-riscv64-musl': [ '4.63.1' ],
669 silly audit   '@rollup/rollup-linux-s390x-gnu': [ '4.63.1' ],
669 silly audit   '@rollup/rollup-linux-x64-gnu': [ '4.63.1' ],
669 silly audit   '@rollup/rollup-linux-x64-musl': [ '4.63.1' ],
669 silly audit   '@rollup/rollup-openbsd-x64': [ '4.63.1' ],
669 silly audit   '@rollup/rollup-openharmony-arm64': [ '4.63.1' ],
669 silly audit   '@rollup/rollup-win32-arm64-msvc': [ '4.63.1' ],
669 silly audit   '@rollup/rollup-win32-ia32-msvc': [ '4.63.1' ],
669 silly audit   '@rollup/rollup-win32-x64-gnu': [ '4.63.1' ],
669 silly audit   '@rollup/rollup-win32-x64-msvc': [ '4.63.1' ],
669 silly audit   '@types/estree': [ '1.0.9' ]
669 silly audit }
670 verbose reify failed optional dependency C:\Users\kri20\Documents\Codex\2026-09-01\build-x20\node_modules\@rollup\rollup-win32-ia32-msvc
671 silly reify mark deleted [
671 silly reify   'C:\\Users\\kri20\\Documents\\Codex\\2026-09-01\\build-x20\\node_modules\\@rollup\\rollup-win32-ia32-msvc'
671 silly reify ]
672 verbose reify failed optional dependency C:\Users\kri20\Documents\Codex\2026-09-01\build-x20\node_modules\@rollup\rollup-win32-arm64-msvc
673 silly reify mark deleted [
673 silly reify   'C:\\Users\\kri20\\Documents\\Codex\\2026-09-01\\build-x20\\node_modules\\@rollup\\rollup-win32-arm64-msvc'
673 silly reify ]
674 verbose reify failed optional dependency C:\Users\kri20\Documents\Codex\2026-09-01\build-x20\node_modules\@rollup\rollup-openharmony-arm64
675 silly reify mark deleted [
675 silly reify   'C:\\Users\\kri20\\Documents\\Codex\\2026-09-01\\build-x20\\node_modules\\@rollup\\rollup-openharmony-arm64'
675 silly reify ]
676 verbose reify failed optional dependency C:\Users\kri20\Documents\Codex\2026-09-01\build-x20\node_modules\@rollup\rollup-openbsd-x64
677 silly reify mark deleted [
677 silly reify   'C:\\Users\\kri20\\Documents\\Codex\\2026-09-01\\build-x20\\node_modules\\@rollup\\rollup-openbsd-x64'
677 silly reify ]
678 verbose reify failed optional dependency C:\Users\kri20\Documents\Codex\2026-09-01\build-x20\node_modules\@rollup\rollup-linux-x64-musl
679 silly reify mark deleted [
679 silly reify   'C:\\Users\\kri20\\Documents\\Codex\\2026-09-01\\build-x20\\node_modules\\@rollup\\rollup-linux-x64-musl'
679 silly reify ]
680 verbose reify failed optional dependency C:\Users\kri20\Documents\Codex\2026-09-01\build-x20\node_modules\@rollup\rollup-linux-x64-gnu
681 silly reify mark deleted [
681 silly reify   'C:\\Users\\kri20\\Documents\\Codex\\2026-09-01\\build-x20\\node_modules\\@rollup\\rollup-linux-x64-gnu'
681 silly reify ]
682 verbose reify failed optional dependency C:\Users\kri20\Documents\Codex\2026-09-01\build-x20\node_modules\@rollup\rollup-linux-s390x-gnu
683 silly reify mark deleted [
683 silly reify   'C:\\Users\\kri20\\Documents\\Codex\\2026-09-01\\build-x20\\node_modules\\@rollup\\rollup-linux-s390x-gnu'
683 silly reify ]
684 verbose reify failed optional dependency C:\Users\kri20\Documents\Codex\2026-09-01\build-x20\node_modules\@rollup\rollup-linux-riscv64-musl
685 silly reify mark deleted [
685 silly reify   'C:\\Users\\kri20\\Documents\\Codex\\2026-09-01\\build-x20\\node_modules\\@rollup\\rollup-linux-riscv64-musl'
685 silly reify ]
686 verbose reify failed optional dependency C:\Users\kri20\Documents\Codex\2026-09-01\build-x20\node_modules\@rollup\rollup-linux-riscv64-gnu
687 silly reify mark deleted [
687 silly reify   'C:\\Users\\kri20\\Documents\\Codex\\2026-09-01\\build-x20\\node_modules\\@rollup\\rollup-linux-riscv64-gnu'
687 silly reify ]
688 verbose reify failed optional dependency C:\Users\kri20\Documents\Codex\2026-09-01\build-x20\node_modules\@rollup\rollup-linux-ppc64-musl
689 silly reify mark deleted [
689 silly reify   'C:\\Users\\kri20\\Documents\\Codex\\2026-09-01\\build-x20\\node_modules\\@rollup\\rollup-linux-ppc64-musl'
689 silly reify ]
690 verbose reify failed optional dependency C:\Users\kri20\Documents\Codex\2026-09-01\build-x20\node_modules\@rollup\rollup-linux-ppc64-gnu
691 silly reify mark deleted [
691 silly reify   'C:\\Users\\kri20\\Documents\\Codex\\2026-09-01\\build-x20\\node_modules\\@rollup\\rollup-linux-ppc64-gnu'
691 silly reify ]
692 verbose reify failed optional dependency C:\Users\kri20\Documents\Codex\2026-09-01\build-x20\node_modules\@rollup\rollup-linux-loong64-musl
693 silly reify mark deleted [
693 silly reify   'C:\\Users\\kri20\\Documents\\Codex\\2026-09-01\\build-x20\\node_modules\\@rollup\\rollup-linux-loong64-musl'
693 silly reify ]
694 verbose reify failed optional dependency C:\Users\kri20\Documents\Codex\2026-09-01\build-x20\node_modules\@rollup\rollup-linux-loong64-gnu
695 silly reify mark deleted [
695 silly reify   'C:\\Users\\kri20\\Documents\\Codex\\2026-09-01\\build-x20\\node_modules\\@rollup\\rollup-linux-loong64-gnu'
695 silly reify ]
696 verbose reify failed optional dependency C:\Users\kri20\Documents\Codex\2026-09-01\build-x20\node_modules\@rollup\rollup-linux-arm64-musl
697 silly reify mark deleted [
697 silly reify   'C:\\Users\\kri20\\Documents\\Codex\\2026-09-01\\build-x20\\node_modules\\@rollup\\rollup-linux-arm64-musl'
697 silly reify ]
698 verbose reify failed optional dependency C:\Users\kri20\Documents\Codex\2026-09-01\build-x20\node_modules\@rollup\rollup-linux-arm64-gnu
699 silly reify mark deleted [
699 silly reify   'C:\\Users\\kri20\\Documents\\Codex\\2026-09-01\\build-x20\\node_modules\\@rollup\\rollup-linux-arm64-gnu'
699 silly reify ]
700 verbose reify failed optional dependency C:\Users\kri20\Documents\Codex\2026-09-01\build-x20\node_modules\@rollup\rollup-linux-arm-musleabihf
701 silly reify mark deleted [
701 silly reify   'C:\\Users\\kri20\\Documents\\Codex\\2026-09-01\\build-x20\\node_modules\\@rollup\\rollup-linux-arm-musleabihf'
701 silly reify ]
702 verbose reify failed optional dependency C:\Users\kri20\Documents\Codex\2026-09-01\build-x20\node_modules\@rollup\rollup-linux-arm-gnueabihf
703 silly reify mark deleted [
703 silly reify   'C:\\Users\\kri20\\Documents\\Codex\\2026-09-01\\build-x20\\node_modules\\@rollup\\rollup-linux-arm-gnueabihf'
703 silly reify ]
704 verbose reify failed optional dependency C:\Users\kri20\Documents\Codex\2026-09-01\build-x20\node_modules\@rollup\rollup-freebsd-x64
705 silly reify mark deleted [
705 silly reify   'C:\\Users\\kri20\\Documents\\Codex\\2026-09-01\\build-x20\\node_modules\\@rollup\\rollup-freebsd-x64'
705 silly reify ]
706 verbose reify failed optional dependency C:\Users\kri20\Documents\Codex\2026-09-01\build-x20\node_modules\@rollup\rollup-freebsd-arm64
707 silly reify mark deleted [
707 silly reify   'C:\\Users\\kri20\\Documents\\Codex\\2026-09-01\\build-x20\\node_modules\\@rollup\\rollup-freebsd-arm64'
707 silly reify ]
708 verbose reify failed optional dependency C:\Users\kri20\Documents\Codex\2026-09-01\build-x20\node_modules\@rollup\rollup-darwin-x64
709 silly reify mark deleted [
709 silly reify   'C:\\Users\\kri20\\Documents\\Codex\\2026-09-01\\build-x20\\node_modules\\@rollup\\rollup-darwin-x64'
709 silly reify ]
710 verbose reify failed optional dependency C:\Users\kri20\Documents\Codex\2026-09-01\build-x20\node_modules\@rollup\rollup-darwin-arm64
711 silly reify mark deleted [
711 silly reify   'C:\\Users\\kri20\\Documents\\Codex\\2026-09-01\\build-x20\\node_modules\\@rollup\\rollup-darwin-arm64'
711 silly reify ]
712 verbose reify failed optional dependency C:\Users\kri20\Documents\Codex\2026-09-01\build-x20\node_modules\@rollup\rollup-android-arm64
713 silly reify mark deleted [
713 silly reify   'C:\\Users\\kri20\\Documents\\Codex\\2026-09-01\\build-x20\\node_modules\\@rollup\\rollup-android-arm64'
713 silly reify ]
714 verbose reify failed optional dependency C:\Users\kri20\Documents\Codex\2026-09-01\build-x20\node_modules\@rollup\rollup-android-arm-eabi
715 silly reify mark deleted [
715 silly reify   'C:\\Users\\kri20\\Documents\\Codex\\2026-09-01\\build-x20\\node_modules\\@rollup\\rollup-android-arm-eabi'
715 silly reify ]
716 verbose reify failed optional dependency C:\Users\kri20\Documents\Codex\2026-09-01\build-x20\node_modules\@napi-rs\lzma-linux-x64-gnu
717 silly reify mark deleted [
717 silly reify   'C:\\Users\\kri20\\Documents\\Codex\\2026-09-01\\build-x20\\node_modules\\@napi-rs\\lzma-linux-x64-gnu'
717 silly reify ]
718 verbose reify failed optional dependency C:\Users\kri20\Documents\Codex\2026-09-01\build-x20\node_modules\@esbuild\win32-ia32
719 silly reify mark deleted [
719 silly reify   'C:\\Users\\kri20\\Documents\\Codex\\2026-09-01\\build-x20\\node_modules\\@esbuild\\win32-ia32'
719 silly reify ]
720 verbose reify failed optional dependency C:\Users\kri20\Documents\Codex\2026-09-01\build-x20\node_modules\@esbuild\win32-arm64
721 silly reify mark deleted [
721 silly reify   'C:\\Users\\kri20\\Documents\\Codex\\2026-09-01\\build-x20\\node_modules\\@esbuild\\win32-arm64'
721 silly reify ]
722 verbose reify failed optional dependency C:\Users\kri20\Documents\Codex\2026-09-01\build-x20\node_modules\@esbuild\sunos-x64
723 silly reify mark deleted [
723 silly reify   'C:\\Users\\kri20\\Documents\\Codex\\2026-09-01\\build-x20\\node_modules\\@esbuild\\sunos-x64'
723 silly reify ]
724 verbose reify failed optional dependency C:\Users\kri20\Documents\Codex\2026-09-01\build-x20\node_modules\@esbuild\openbsd-x64
725 silly reify mark deleted [
725 silly reify   'C:\\Users\\kri20\\Documents\\Codex\\2026-09-01\\build-x20\\node_modules\\@esbuild\\openbsd-x64'
725 silly reify ]
726 verbose reify failed optional dependency C:\Users\kri20\Documents\Codex\2026-09-01\build-x20\node_modules\@esbuild\netbsd-x64
727 silly reify mark deleted [
727 silly reify   'C:\\Users\\kri20\\Documents\\Codex\\2026-09-01\\build-x20\\node_modules\\@esbuild\\netbsd-x64'
727 silly reify ]
728 verbose reify failed optional dependency C:\Users\kri20\Documents\Codex\2026-09-01\build-x20\node_modules\@esbuild\linux-x64
729 silly reify mark deleted [
729 silly reify   'C:\\Users\\kri20\\Documents\\Codex\\2026-09-01\\build-x20\\node_modules\\@esbuild\\linux-x64'
729 silly reify ]
730 verbose reify failed optional dependency C:\Users\kri20\Documents\Codex\2026-09-01\build-x20\node_modules\@esbuild\linux-s390x
731 silly reify mark deleted [
731 silly reify   'C:\\Users\\kri20\\Documents\\Codex\\2026-09-01\\build-x20\\node_modules\\@esbuild\\linux-s390x'
731 silly reify ]
732 verbose reify failed optional dependency C:\Users\kri20\Documents\Codex\2026-09-01\build-x20\node_modules\@esbuild\linux-riscv64
733 silly reify mark deleted [
733 silly reify   'C:\\Users\\kri20\\Documents\\Codex\\2026-09-01\\build-x20\\node_modules\\@esbuild\\linux-riscv64'
733 silly reify ]
734 verbose reify failed optional dependency C:\Users\kri20\Documents\Codex\2026-09-01\build-x20\node_modules\@esbuild\linux-ppc64
735 silly reify mark deleted [
735 silly reify   'C:\\Users\\kri20\\Documents\\Codex\\2026-09-01\\build-x20\\node_modules\\@esbuild\\linux-ppc64'
735 silly reify ]
736 verbose reify failed optional dependency C:\Users\kri20\Documents\Codex\2026-09-01\build-x20\node_modules\@esbuild\linux-mips64el
737 silly reify mark deleted [
737 silly reify   'C:\\Users\\kri20\\Documents\\Codex\\2026-09-01\\build-x20\\node_modules\\@esbuild\\linux-mips64el'
737 silly reify ]
738 verbose reify failed optional dependency C:\Users\kri20\Documents\Codex\2026-09-01\build-x20\node_modules\@esbuild\linux-loong64
739 silly reify mark deleted [
739 silly reify   'C:\\Users\\kri20\\Documents\\Codex\\2026-09-01\\build-x20\\node_modules\\@esbuild\\linux-loong64'
739 silly reify ]
740 verbose reify failed optional dependency C:\Users\kri20\Documents\Codex\2026-09-01\build-x20\node_modules\@esbuild\linux-ia32
741 silly reify mark deleted [
741 silly reify   'C:\\Users\\kri20\\Documents\\Codex\\2026-09-01\\build-x20\\node_modules\\@esbuild\\linux-ia32'
741 silly reify ]
742 verbose reify failed optional dependency C:\Users\kri20\Documents\Codex\2026-09-01\build-x20\node_modules\@esbuild\linux-arm64
743 silly reify mark deleted [
743 silly reify   'C:\\Users\\kri20\\Documents\\Codex\\2026-09-01\\build-x20\\node_modules\\@esbuild\\linux-arm64'
743 silly reify ]
744 verbose reify failed optional dependency C:\Users\kri20\Documents\Codex\2026-09-01\build-x20\node_modules\@esbuild\linux-arm
745 silly reify mark deleted [
745 silly reify   'C:\\Users\\kri20\\Documents\\Codex\\2026-09-01\\build-x20\\node_modules\\@esbuild\\linux-arm'
745 silly reify ]
746 verbose reify failed optional dependency C:\Users\kri20\Documents\Codex\2026-09-01\build-x20\node_modules\@esbuild\freebsd-x64
747 silly reify mark deleted [
747 silly reify   'C:\\Users\\kri20\\Documents\\Codex\\2026-09-01\\build-x20\\node_modules\\@esbuild\\freebsd-x64'
747 silly reify ]
748 verbose reify failed optional dependency C:\Users\kri20\Documents\Codex\2026-09-01\build-x20\node_modules\@esbuild\freebsd-arm64
749 silly reify mark deleted [
749 silly reify   'C:\\Users\\kri20\\Documents\\Codex\\2026-09-01\\build-x20\\node_modules\\@esbuild\\freebsd-arm64'
749 silly reify ]
750 verbose reify failed optional dependency C:\Users\kri20\Documents\Codex\2026-09-01\build-x20\node_modules\@esbuild\darwin-x64
751 silly reify mark deleted [
751 silly reify   'C:\\Users\\kri20\\Documents\\Codex\\2026-09-01\\build-x20\\node_modules\\@esbuild\\darwin-x64'
751 silly reify ]
752 verbose reify failed optional dependency C:\Users\kri20\Documents\Codex\2026-09-01\build-x20\node_modules\@esbuild\darwin-arm64
753 silly reify mark deleted [
753 silly reify   'C:\\Users\\kri20\\Documents\\Codex\\2026-09-01\\build-x20\\node_modules\\@esbuild\\darwin-arm64'
753 silly reify ]
754 verbose reify failed optional dependency C:\Users\kri20\Documents\Codex\2026-09-01\build-x20\node_modules\@esbuild\android-x64
755 silly reify mark deleted [
755 silly reify   'C:\\Users\\kri20\\Documents\\Codex\\2026-09-01\\build-x20\\node_modules\\@esbuild\\android-x64'
755 silly reify ]
756 verbose reify failed optional dependency C:\Users\kri20\Documents\Codex\2026-09-01\build-x20\node_modules\@esbuild\android-arm64
757 silly reify mark deleted [
757 silly reify   'C:\\Users\\kri20\\Documents\\Codex\\2026-09-01\\build-x20\\node_modules\\@esbuild\\android-arm64'
757 silly reify ]
758 verbose reify failed optional dependency C:\Users\kri20\Documents\Codex\2026-09-01\build-x20\node_modules\@esbuild\android-arm
759 silly reify mark deleted [
759 silly reify   'C:\\Users\\kri20\\Documents\\Codex\\2026-09-01\\build-x20\\node_modules\\@esbuild\\android-arm'
759 silly reify ]
760 verbose reify failed optional dependency C:\Users\kri20\Documents\Codex\2026-09-01\build-x20\node_modules\@esbuild\aix-ppc64
761 silly reify mark deleted [
761 silly reify   'C:\\Users\\kri20\\Documents\\Codex\\2026-09-01\\build-x20\\node_modules\\@esbuild\\aix-ppc64'
761 silly reify ]
762 verbose reify failed optional dependency C:\Users\kri20\Documents\Codex\2026-09-01\build-x20\node_modules\fsevents
763 silly reify mark deleted [
763 silly reify   'C:\\Users\\kri20\\Documents\\Codex\\2026-09-01\\build-x20\\node_modules\\fsevents'
763 silly reify ]
764 http cache @types/estree@https://registry.npmjs.org/@types/estree/-/estree-1.0.9.tgz 0ms (cache hit)
765 http cache @rollup/rollup-win32-x64-msvc@https://registry.npmjs.org/@rollup/rollup-win32-x64-msvc/-/rollup-win32-x64-msvc-4.63.1.tgz 0ms (cache hit)
766 http cache @rollup/rollup-win32-x64-gnu@https://registry.npmjs.org/@rollup/rollup-win32-x64-gnu/-/rollup-win32-x64-gnu-4.63.1.tgz 0ms (cache hit)
767 http cache @esbuild/win32-x64@https://registry.npmjs.org/@esbuild/win32-x64/-/win32-x64-0.21.5.tgz 0ms (cache hit)
768 http cache rollup@https://registry.npmjs.org/rollup/-/rollup-4.63.1.tgz 0ms (cache hit)
769 http cache esbuild@https://registry.npmjs.org/esbuild/-/esbuild-0.21.5.tgz 0ms (cache hit)
770 http cache yallist@https://registry.npmjs.org/yallist/-/yallist-3.1.1.tgz 0ms (cache hit)
771 http cache ms@https://registry.npmjs.org/ms/-/ms-2.1.3.tgz 0ms (cache hit)
772 http cache escalade@https://registry.npmjs.org/escalade/-/escalade-3.2.0.tgz 0ms (cache hit)
773 http cache update-browserslist-db@https://registry.npmjs.org/update-browserslist-db/-/update-browserslist-db-1.3.2.tgz 0ms (cache hit)
774 http cache loose-envify@https://registry.npmjs.org/loose-envify/-/loose-envify-1.4.0.tgz 0ms (cache hit)
775 http cache node-releases@https://registry.npmjs.org/node-releases/-/node-releases-2.0.54.tgz 0ms (cache hit)
776 http cache caniuse-lite@https://registry.npmjs.org/caniuse-lite/-/caniuse-lite-1.0.30001810.tgz 0ms (cache hit)
777 http cache electron-to-chromium@https://registry.npmjs.org/electron-to-chromium/-/electron-to-chromium-1.5.420.tgz 0ms (cache hit)
778 http cache baseline-browser-mapping@https://registry.npmjs.org/baseline-browser-mapping/-/baseline-browser-mapping-2.11.20.tgz 0ms (cache hit)
779 http cache @types/babel__traverse@https://registry.npmjs.org/@types/babel__traverse/-/babel__traverse-7.28.0.tgz 0ms (cache hit)
780 http cache @jridgewell/resolve-uri@https://registry.npmjs.org/@jridgewell/resolve-uri/-/resolve-uri-3.1.2.tgz 0ms (cache hit)
781 http cache @types/babel__generator@https://registry.npmjs.org/@types/babel__generator/-/babel__generator-7.27.0.tgz 0ms (cache hit)
782 http cache @types/babel__template@https://registry.npmjs.org/@types/babel__template/-/babel__template-7.4.4.tgz 0ms (cache hit)
783 http cache @jridgewell/sourcemap-codec@https://registry.npmjs.org/@jridgewell/sourcemap-codec/-/sourcemap-codec-1.6.0.tgz 0ms (cache hit)
784 http cache @babel/helper-string-parser@https://registry.npmjs.org/@babel/helper-string-parser/-/helper-string-parser-7.29.7.tgz 0ms (cache hit)
785 http cache @babel/helper-plugin-utils@https://registry.npmjs.org/@babel/helper-plugin-utils/-/helper-plugin-utils-7.29.7.tgz 0ms (cache hit)
786 http cache @babel/helper-globals@https://registry.npmjs.org/@babel/helper-globals/-/helper-globals-7.29.7.tgz 0ms (cache hit)
787 http cache @babel/helper-module-imports@https://registry.npmjs.org/@babel/helper-module-imports/-/helper-module-imports-7.29.7.tgz 0ms (cache hit)
788 http cache lru-cache@https://registry.npmjs.org/lru-cache/-/lru-cache-5.1.1.tgz 0ms (cache hit)
789 http cache @babel/helper-validator-option@https://registry.npmjs.org/@babel/helper-validator-option/-/helper-validator-option-7.29.7.tgz 0ms (cache hit)
790 http cache @jridgewell/gen-mapping@https://registry.npmjs.org/@jridgewell/gen-mapping/-/gen-mapping-0.3.13.tgz 0ms (cache hit)
791 http cache @babel/compat-data@https://registry.npmjs.org/@babel/compat-data/-/compat-data-7.29.7.tgz 0ms (cache hit)
792 http cache @jridgewell/trace-mapping@https://registry.npmjs.org/@jridgewell/trace-mapping/-/trace-mapping-0.3.31.tgz 0ms (cache hit)
793 http cache browserslist@https://registry.npmjs.org/browserslist/-/browserslist-4.28.8.tgz 0ms (cache hit)
794 http cache @babel/helper-validator-identifier@https://registry.npmjs.org/@babel/helper-validator-identifier/-/helper-validator-identifier-7.29.7.tgz 0ms (cache hit)
795 http cache js-tokens@https://registry.npmjs.org/js-tokens/-/js-tokens-4.0.0.tgz 0ms (cache hit)
796 http cache semver@https://registry.npmjs.org/semver/-/semver-6.3.1.tgz 0ms (cache hit)
797 http cache @jridgewell/remapping@https://registry.npmjs.org/@jridgewell/remapping/-/remapping-2.3.5.tgz 0ms (cache hit)
798 http cache jsesc@https://registry.npmjs.org/jsesc/-/jsesc-3.1.0.tgz 0ms (cache hit)
799 http cache @babel/traverse@https://registry.npmjs.org/@babel/traverse/-/traverse-7.29.8.tgz 0ms (cache hit)
800 http cache gensync@https://registry.npmjs.org/gensync/-/gensync-1.0.0-beta.2.tgz 0ms (cache hit)
801 http cache json5@https://registry.npmjs.org/json5/-/json5-2.2.3.tgz 0ms (cache hit)
802 http cache convert-source-map@https://registry.npmjs.org/convert-source-map/-/convert-source-map-2.0.0.tgz 0ms (cache hit)
803 http cache debug@https://registry.npmjs.org/debug/-/debug-4.4.3.tgz 0ms (cache hit)
804 http cache @babel/types@https://registry.npmjs.org/@babel/types/-/types-7.29.8.tgz 0ms (cache hit)
805 http cache @babel/template@https://registry.npmjs.org/@babel/template/-/template-7.29.7.tgz 0ms (cache hit)
806 http cache @babel/helpers@https://registry.npmjs.org/@babel/helpers/-/helpers-7.29.7.tgz 0ms (cache hit)
807 http cache @babel/helper-module-transforms@https://registry.npmjs.org/@babel/helper-module-transforms/-/helper-module-transforms-7.29.7.tgz 0ms (cache hit)
808 http cache @babel/code-frame@https://registry.npmjs.org/@babel/code-frame/-/code-frame-7.29.7.tgz 0ms (cache hit)
809 http cache @babel/parser@https://registry.npmjs.org/@babel/parser/-/parser-7.29.8.tgz 0ms (cache hit)
810 http cache @types/babel__core@https://registry.npmjs.org/@types/babel__core/-/babel__core-7.20.5.tgz 0ms (cache hit)
811 http cache react-refresh@https://registry.npmjs.org/react-refresh/-/react-refresh-0.14.2.tgz 0ms (cache hit)
812 http cache @babel/generator@https://registry.npmjs.org/@babel/generator/-/generator-7.29.8.tgz 0ms (cache hit)
813 http cache @babel/helper-compilation-targets@https://registry.npmjs.org/@babel/helper-compilation-targets/-/helper-compilation-targets-7.29.7.tgz 0ms (cache hit)
814 http cache vite@https://registry.npmjs.org/vite/-/vite-5.4.8.tgz 0ms (cache hit)
815 http cache typescript@https://registry.npmjs.org/typescript/-/typescript-5.5.4.tgz 0ms (cache hit)
816 http cache scheduler@https://registry.npmjs.org/scheduler/-/scheduler-0.23.2.tgz 0ms (cache hit)
817 http cache react-dom@https://registry.npmjs.org/react-dom/-/react-dom-18.3.1.tgz 0ms (cache hit)
818 http cache @babel/plugin-transform-react-jsx-source@https://registry.npmjs.org/@babel/plugin-transform-react-jsx-source/-/plugin-transform-react-jsx-source-7.29.7.tgz 0ms (cache hit)
819 http cache @babel/plugin-transform-react-jsx-self@https://registry.npmjs.org/@babel/plugin-transform-react-jsx-self/-/plugin-transform-react-jsx-self-7.29.7.tgz 0ms (cache hit)
820 http cache lucide-react@https://registry.npmjs.org/lucide-react/-/lucide-react-0.441.0.tgz 0ms (cache hit)
821 http cache @babel/core@https://registry.npmjs.org/@babel/core/-/core-7.29.7.tgz 0ms (cache hit)
822 silly tarball no local data for electron-to-chromium@https://registry.npmjs.org/electron-to-chromium/-/electron-to-chromium-1.5.420.tgz. Extracting by manifest.
823 http cache react@https://registry.npmjs.org/react/-/react-18.3.1.tgz 0ms (cache hit)
824 http cache @vitejs/plugin-react@https://registry.npmjs.org/@vitejs/plugin-react/-/plugin-react-4.3.1.tgz 0ms (cache hit)
825 silly tarball no local data for lucide-react@https://registry.npmjs.org/lucide-react/-/lucide-react-0.441.0.tgz. Extracting by manifest.
826 http fetch POST 200 https://registry.npmjs.org/-/npm/v1/security/advisories/bulk 398ms
827 silly audit report {
827 silly audit report   vite: [
827 silly audit report     {
827 silly audit report       id: 1102437,
827 silly audit report       url: 'https://github.com/advisories/GHSA-vg6x-rcgg-rjx6',
827 silly audit report       title: 'Websites were able to send any requests to the development server and read the response in vite',
827 silly audit report       severity: 'moderate',
827 silly audit report       vulnerable_versions: '>=5.0.0 <=5.4.11',
827 silly audit report       cwe: [Array],
827 silly audit report       cvss: [Object]
827 silly audit report     },
827 silly audit report     {
827 silly audit report       id: 1103517,
827 silly audit report       url: 'https://github.com/advisories/GHSA-x574-m823-4x7w',
827 silly audit report       title: 'Vite bypasses server.fs.deny when using ?raw??',
827 silly audit report       severity: 'moderate',
827 silly audit report       vulnerable_versions: '>=5.0.0 <5.4.15',
827 silly audit report       cwe: [Array],
827 silly audit report       cvss: [Object]
827 silly audit report     },
827 silly audit report     {
827 silly audit report       id: 1103884,
827 silly audit report       url: 'https://github.com/advisories/GHSA-356w-63v5-8wf4',
827 silly audit report       title: 'Vite has an `server.fs.deny` bypass with an invalid `request-target`',
827 silly audit report       severity: 'moderate',
827 silly audit report       vulnerable_versions: '>=5.0.0 <5.4.18',
827 silly audit report       cwe: [Array],
827 silly audit report       cvss: [Object]
827 silly audit report     },
827 silly audit report     {
827 silly audit report       id: 1104173,
827 silly audit report       url: 'https://github.com/advisories/GHSA-859w-5945-r5v3',
827 silly audit report       title: "Vite's server.fs.deny bypassed with /. for files under project root",
827 silly audit report       severity: 'moderate',
827 silly audit report       vulnerable_versions: '>=5.0.0 <=5.4.18',
827 silly audit report       cwe: [Array],
827 silly audit report       cvss: [Object]
827 silly audit report     },
827 silly audit report     {
827 silly audit report       id: 1104202,
827 silly audit report       url: 'https://github.com/advisories/GHSA-xcj6-pq6g-qj4x',
827 silly audit report       title: 'Vite allows server.fs.deny to be bypassed with .svg or relative paths',
827 silly audit report       severity: 'moderate',
827 silly audit report       vulnerable_versions: '>=5.0.0 <5.4.17',
827 silly audit report       cwe: [Array],
827 silly audit report       cvss: [Object]
827 silly audit report     },
827 silly audit report     {
827 silly audit report       id: 1107323,
827 silly audit report       url: 'https://github.com/advisories/GHSA-g4jq-h2w9-997c',
827 silly audit report       title: 'Vite middleware may serve files starting with the same name with the public directory',
827 silly audit report       severity: 'low',
827 silly audit report       vulnerable_versions: '<=5.4.19',
827 silly audit report       cwe: [Array],
827 silly audit report       cvss: [Object]
827 silly audit report     },
827 silly audit report     {
827 silly audit report       id: 1107327,
827 silly audit report       url: 'https://github.com/advisories/GHSA-jqfw-vq24-v9c3',
827 silly audit report       title: "Vite's `server.fs` settings were not applied to HTML files",
827 silly audit report       severity: 'low',
827 silly audit report       vulnerable_versions: '<=5.4.19',
827 silly audit report       cwe: [Array],
827 silly audit report       cvss: [Object]
827 silly audit report     },
827 silly audit report     {
827 silly audit report       id: 1109131,
827 silly audit report       url: 'https://github.com/advisories/GHSA-93m4-6634-74q7',
827 silly audit report       title: 'vite allows server.fs.deny bypass via backslash on Windows',
827 silly audit report       severity: 'moderate',
827 silly audit report       vulnerable_versions: '>=5.2.6 <=5.4.20',
827 silly audit report       cwe: [Array],
827 silly audit report       cvss: [Object]
827 silly audit report     },
827 silly audit report     {
827 silly audit report       id: 1112511,
827 silly audit report       url: 'https://github.com/advisories/GHSA-4r4m-qw57-chr8',
827 silly audit report       title: 'Vite has a `server.fs.deny` bypassed for `inline` and `raw` with `?import` query',
827 silly audit report       severity: 'moderate',
827 silly audit report       vulnerable_versions: '>=5.0.0 <5.4.16',
827 silly audit report       cwe: [Array],
827 silly audit report       cvss: [Object]
827 silly audit report     },
827 silly audit report     {
827 silly audit report       id: 1120061,
827 silly audit report       url: 'https://github.com/advisories/GHSA-c27g-q93r-2cwf',
827 silly audit report       title: 'launch-editor vulnerable to command injection via the crafted request on Windows',
827 silly audit report       severity: 'high',
827 silly audit report       vulnerable_versions: '<=5.4.8',
827 silly audit report       cwe: [Array],
827 silly audit report       cvss: [Object]
827 silly audit report     },
827 silly audit report     {
827 silly audit report       id: 1120784,
827 silly audit report       url: 'https://github.com/advisories/GHSA-v6wh-96g9-6wx3',
827 silly audit report       title: 'launch-editor: NTLMv2 hash disclosure via UNC path handling on Windows',
827 silly audit report       severity: 'moderate',
827 silly audit report       vulnerable_versions: '<=6.4.2',
827 silly audit report       cwe: [Array],
827 silly audit report       cvss: [Object]
827 silly audit report     },
827 silly audit report     {
827 silly audit report       id: 1116229,
827 silly audit report       url: 'https://github.com/advisories/GHSA-4w7w-66w2-5vf9',
827 silly audit report       title: 'Vite Vulnerable to Path Traversal in Optimized Deps `.map` Handling',
827 silly audit report       severity: 'moderate',
827 silly audit report       vulnerable_versions: '<=6.4.1',
827 silly audit report       cwe: [Array],
827 silly audit report       cvss: [Object]
827 silly audit report     },
827 silly audit report     {
827 silly audit report       id: 1123525,
827 silly audit report       url: 'https://github.com/advisories/GHSA-fx2h-pf6j-xcff',
827 silly audit report       title: 'vite: `server.fs.deny` bypass on Windows alternate paths',
827 silly audit report       severity: 'high',
827 silly audit report       vulnerable_versions: '<=6.4.2',
827 silly audit report       cwe: [Array],
827 silly audit report       cvss: [Object]
827 silly audit report     }
827 silly audit report   ],
827 silly audit report   esbuild: [
827 silly audit report     {
827 silly audit report       id: 1102341,
827 silly audit report       url: 'https://github.com/advisories/GHSA-67mh-4wv8-2f99',
827 silly audit report       title: 'esbuild enables any website to send any requests to the development server and read the response',
827 silly audit report       severity: 'moderate',
827 silly audit report       vulnerable_versions: '<=0.24.2',
827 silly audit report       cwe: [Array],
827 silly audit report       cvss: [Object]
827 silly audit report     }
827 silly audit report   ]
827 silly audit report }
828 silly packumentCache corgi:https://registry.npmjs.org/vite cache-miss
829 silly packumentCache corgi:https://registry.npmjs.org/esbuild cache-miss
830 http fetch GET 200 https://registry.npmjs.org/electron-to-chromium/-/electron-to-chromium-1.5.420.tgz 729ms (cache miss)
831 http fetch GET 200 https://registry.npmjs.org/vite 566ms (cache miss)
832 silly packumentCache corgi:https://registry.npmjs.org/vite set size:undefined disposed:false
833 http fetch GET 200 https://registry.npmjs.org/esbuild 851ms (cache miss)
834 silly packumentCache corgi:https://registry.npmjs.org/esbuild set size:undefined disposed:false
835 silly packumentCache corgi:https://registry.npmjs.org/@vitejs%2fplugin-react cache-miss
836 http fetch GET 200 https://registry.npmjs.org/@vitejs%2fplugin-react 158ms (cache miss)
837 silly packumentCache corgi:https://registry.npmjs.org/@vitejs%2fplugin-react set size:undefined disposed:false
838 http fetch GET 200 https://registry.npmjs.org/lucide-react/-/lucide-react-0.441.0.tgz 13070ms (cache miss)
839 info run esbuild@0.21.5 postinstall node_modules/esbuild node install.js
840 info run esbuild@0.21.5 postinstall { code: 0, signal: null }
841 silly ADD node_modules/@types/estree
842 silly ADD node_modules/@rollup/rollup-win32-x64-msvc
843 silly ADD node_modules/@rollup/rollup-win32-x64-gnu
844 silly ADD
845 silly ADD
846 silly ADD
847 silly ADD
848 silly ADD
849 silly ADD
850 silly ADD
851 silly ADD
852 silly ADD
853 silly ADD
854 silly ADD
855 silly ADD
856 silly ADD
857 silly ADD
858 silly ADD
859 silly ADD
860 silly ADD
861 silly ADD
862 silly ADD
863 silly ADD
864 silly ADD
865 silly ADD
866 silly ADD
867 silly ADD
868 silly ADD node_modules/@esbuild/win32-x64
869 silly ADD
870 silly ADD
871 silly ADD
872 silly ADD
873 silly ADD
874 silly ADD
875 silly ADD
876 silly ADD
877 silly ADD
878 silly ADD
879 silly ADD
880 silly ADD
881 silly ADD
882 silly ADD
883 silly ADD
884 silly ADD
885 silly ADD
886 silly ADD
887 silly ADD
888 silly ADD
889 silly ADD
890 silly ADD
891 silly ADD node_modules/rollup
892 silly ADD
893 silly ADD node_modules/esbuild
894 silly ADD node_modules/escalade
895 silly ADD node_modules/loose-envify
896 silly ADD node_modules/yallist
897 silly ADD node_modules/ms
898 silly ADD node_modules/update-browserslist-db
899 silly ADD node_modules/node-releases
900 silly ADD node_modules/electron-to-chromium
901 silly ADD node_modules/caniuse-lite
902 silly ADD node_modules/baseline-browser-mapping
903 silly ADD node_modules/@types/babel__traverse
904 silly ADD node_modules/@types/babel__template
905 silly ADD node_modules/@types/babel__generator
906 silly ADD node_modules/@jridgewell/resolve-uri
907 silly ADD node_modules/@jridgewell/sourcemap-codec
908 silly ADD node_modules/@babel/helper-string-parser
909 silly ADD node_modules/@babel/helper-globals
910 silly ADD node_modules/@babel/helper-plugin-utils
911 silly ADD node_modules/@babel/helper-module-imports
912 silly ADD node_modules/lru-cache
913 silly ADD node_modules/browserslist
914 silly ADD node_modules/@babel/helper-validator-option
915 silly ADD node_modules/@babel/compat-data
916 silly ADD node_modules/jsesc
917 silly ADD node_modules/@jridgewell/trace-mapping
918 silly ADD node_modules/@jridgewell/gen-mapping
919 silly ADD node_modules/js-tokens
920 silly ADD node_modules/@babel/helper-validator-identifier
921 silly ADD node_modules/semver
922 silly ADD node_modules/json5
923 silly ADD node_modules/gensync
924 silly ADD node_modules/debug
925 silly ADD node_modules/convert-source-map
926 silly ADD node_modules/@jridgewell/remapping
927 silly ADD node_modules/@babel/types
928 silly ADD node_modules/@babel/traverse
929 silly ADD node_modules/@babel/template
930 silly ADD node_modules/@babel/parser
931 silly ADD node_modules/@babel/helpers
932 silly ADD node_modules/@babel/helper-module-transforms
933 silly ADD node_modules/@babel/helper-compilation-targets
934 silly ADD node_modules/@babel/generator
935 silly ADD node_modules/@babel/code-frame
936 silly ADD node_modules/react-refresh
937 silly ADD node_modules/@types/babel__core
938 silly ADD node_modules/@babel/plugin-transform-react-jsx-source
939 silly ADD node_modules/@babel/plugin-transform-react-jsx-self
940 silly ADD node_modules/@babel/core
941 silly CHANGE node_modules/vite
942 silly CHANGE node_modules/typescript
943 silly REMOVE node_modules/tinyglobby
944 silly CHANGE node_modules/scheduler
945 silly REMOVE node_modules/rolldown
946 silly CHANGE node_modules/react-dom
947 silly CHANGE node_modules/react
948 silly REMOVE node_modules/picomatch
949 silly CHANGE node_modules/lucide-react
950 silly REMOVE node_modules/lightningcss-win32-x64-msvc
951 silly REMOVE node_modules/lightningcss
952 silly REMOVE node_modules/fdir
953 silly REMOVE node_modules/detect-libc
954 silly CHANGE node_modules/@vitejs/plugin-react
955 silly REMOVE node_modules/@typescript/typescript-win32-x64
956 silly REMOVE node_modules/@rolldown/pluginutils
957 silly REMOVE node_modules/@rolldown/binding-win32-x64-msvc
958 silly REMOVE node_modules/@oxc-project/types
959 verbose cwd C:\Users\kri20\Documents\Codex\2026-09-01\build-x20
960 verbose os Windows_NT 10.0.26200
961 verbose node v22.15.0
962 verbose npm  v10.9.2
963 verbose exit 0
964 info ok
